DateTime,Away,Home,Arena
2017-10-17 20:01:00,Boston Celtics,Cleveland Cavaliers,Quicken Loans Arena
2017-10-17 22:30:00,Houston Rockets,Golden State Warriors,Oracle Arena
2017-10-18 19:00:00,Charlotte Hornets,Detroit Pistons,Little Caesars Arena
2017-10-18 19:00:00,Brooklyn Nets,Indiana Pacers,Bankers Life Fieldhouse
2017-10-18 19:00:00,Miami Heat,Orlando Magic,Amway Center
2017-10-18 19:00:00,Philadelphia 76ers,Washington Wizards,Capital One Arena
2017-10-18 19:30:00,Milwaukee Bucks,Boston Celtics,TD Garden
2017-10-18 20:00:00,New Orleans Pelicans,Memphis Grizzlies,FedExForum
2017-10-18 20:30:00,Atlanta Hawks,Dallas Mavericks,American Airlines Center
2017-10-18 21:00:00,Denver Nuggets,Utah Jazz,Vivint Smart Home Arena
2017-10-18 21:30:00,Minnesota Timberwolves,San Antonio Spurs,AT&T Center
2017-10-18 22:00:00,Portland Trail Blazers,Phoenix Suns,Talking Stick Resort Arena
2017-10-18 22:00:00,Houston Rockets,Sacramento Kings,Golden 1 Center
2017-10-19 19:30:00,Chicago Bulls,Toronto Raptors,Air Canada Centre
2017-10-19 20:00:00,New York Knicks,Oklahoma City Thunder,Chesapeake Energy Arena
2017-10-19 22:30:00,Los Angeles Clippers,Los Angeles Lakers,Staples Center
2017-10-20 19:00:00,Atlanta Hawks,Charlotte Hornets,Spectrum Center
2017-10-20 19:00:00,Detroit Pistons,Washington Wizards,Capital One Arena
2017-10-20 19:00:00,Portland Trail Blazers,Indiana Pacers,Bankers Life Fieldhouse
2017-10-20 19:00:00,Cleveland Cavaliers,Milwaukee Bucks,BMO Harris Bradley Center
2017-10-20 19:00:00,Boston Celtics,Philadelphia 76ers,Wells Fargo Center
2017-10-20 19:30:00,Orlando Magic,Brooklyn Nets,Barclays Center
2017-10-20 20:00:00,Utah Jazz,Minnesota Timberwolves,Target Center
2017-10-20 20:30:00,Sacramento Kings,Dallas Mavericks,American Airlines Center
2017-10-20 21:30:00,Golden State Warriors,New Orleans Pelicans,Smoothie King Center
2017-10-20 22:00:00,Los Angeles Lakers,Phoenix Suns,Talking Stick Resort Arena
2017-10-21 19:30:00,Philadelphia 76ers,Toronto Raptors,Air Canada Centre
2017-10-21 20:00:00,San Antonio Spurs,Chicago Bulls,United Center
2017-10-21 20:00:00,Orlando Magic,Cleveland Cavaliers,Quicken Loans Arena
2017-10-21 20:00:00,Dallas Mavericks,Houston Rockets,Toyota Center
2017-10-21 20:00:00,Golden State Warriors,Memphis Grizzlies,FedExForum
2017-10-21 20:00:00,Indiana Pacers,Miami Heat,AmericanAirlines Arena
2017-10-21 20:00:00,Detroit Pistons,New York Knicks,Madison Square Garden
2017-10-21 20:30:00,Portland Trail Blazers,Milwaukee Bucks,BMO Harris Bradley Center
2017-10-21 21:00:00,Oklahoma City Thunder,Utah Jazz,Vivint Smart Home Arena
2017-10-21 21:00:00,Sacramento Kings,Denver Nuggets,Pepsi Center
2017-10-21 22:30:00,Phoenix Suns,Los Angeles Clippers,Staples Center
2017-10-22 15:30:00,Atlanta Hawks,Brooklyn Nets,Barclays Center
2017-10-22 19:00:00,Minnesota Timberwolves,Oklahoma City Thunder,Chesapeake Energy Arena
2017-10-22 21:30:00,New Orleans Pelicans,Los Angeles Lakers,Staples Center
2017-10-23 19:00:00,Philadelphia 76ers,Detroit Pistons,Little Caesars Arena
2017-10-23 19:30:00,Atlanta Hawks,Miami Heat,AmericanAirlines Arena
2017-10-23 20:00:00,Memphis Grizzlies,Houston Rockets,Toyota Center
2017-10-23 20:00:00,Charlotte Hornets,Milwaukee Bucks,BMO Harris Bradley Center
2017-10-23 20:30:00,Golden State Warriors,Dallas Mavericks,American Airlines Center
2017-10-23 20:30:00,Toronto Raptors,San Antonio Spurs,AT&T Center
2017-10-23 21:00:00,Washington Wizards,Denver Nuggets,Pepsi Center
2017-10-23 22:00:00,Sacramento Kings,Phoenix Suns,Talking Stick Resort Arena
2017-10-24 19:00:00,Chicago Bulls,Cleveland Cavaliers,Quicken Loans Arena
2017-10-24 19:00:00,Brooklyn Nets,Orlando Magic,Amway Center
2017-10-24 19:30:00,New York Knicks,Boston Celtics,TD Garden
2017-10-24 20:00:00,Indiana Pacers,Minnesota Timberwolves,Target Center
2017-10-24 22:00:00,New Orleans Pelicans,Portland Trail Blazers,Moda Center
2017-10-24 22:30:00,Utah Jazz,Los Angeles Clippers,Staples Center
2017-10-25 19:00:00,Houston Rockets,Philadelphia 76ers,Wells Fargo Center
2017-10-25 19:00:00,Minnesota Timberwolves,Detroit Pistons,Little Caesars Arena
2017-10-25 19:00:00,Denver Nuggets,Charlotte Hornets,Spectrum Center
2017-10-25 19:30:00,Cleveland Cavaliers,Brooklyn Nets,Barclays Center
2017-10-25 20:00:00,San Antonio Spurs,Miami Heat,AmericanAirlines Arena
2017-10-25 20:00:00,Indiana Pacers,Oklahoma City Thunder,Chesapeake Energy Arena
2017-10-25 20:30:00,Memphis Grizzlies,Dallas Mavericks,American Airlines Center
2017-10-25 22:00:00,Utah Jazz,Phoenix Suns,Talking Stick Resort Arena
2017-10-25 22:30:00,Washington Wizards,Los Angeles Lakers,Staples Center
2017-10-25 22:30:00,Toronto Raptors,Golden State Warriors,Oracle Arena
2017-10-26 20:00:00,Atlanta Hawks,Chicago Bulls,United Center
2017-10-26 20:00:00,Dallas Mavericks,Memphis Grizzlies,FedExForum
2017-10-26 20:00:00,Boston Celtics,Milwaukee Bucks,BMO Harris Bradley Center
2017-10-26 22:00:00,Los Angeles Clippers,Portland Trail Blazers,Moda Center
2017-10-26 22:30:00,New Orleans Pelicans,Sacramento Kings,Golden 1 Center
2017-10-27 19:00:00,San Antonio Spurs,Orlando Magic,Amway Center
2017-10-27 19:00:00,Houston Rockets,Charlotte Hornets,Spectrum Center
2017-10-27 19:30:00,Denver Nuggets,Atlanta Hawks,Philips Arena
2017-10-27 19:30:00,Brooklyn Nets,New York Knicks,Madison Square Garden
2017-10-27 20:00:00,Oklahoma City Thunder,Minnesota Timberwolves,Target Center
2017-10-27 22:30:00,Washington Wizards,Golden State Warriors,Oracle Arena
2017-10-27 22:30:00,Toronto Raptors,Los Angeles Lakers,Staples Center
2017-10-28 19:00:00,Cleveland Cavaliers,New Orleans Pelicans,Smoothie King Center
2017-10-28 20:00:00,Boston Celtics,Miami Heat,AmericanAirlines Arena
2017-10-28 20:00:00,Oklahoma City Thunder,Chicago Bulls,United Center
2017-10-28 20:00:00,Houston Rockets,Memphis Grizzlies,FedExForum
2017-10-28 20:30:00,Philadelphia 76ers,Dallas Mavericks,American Airlines Center
2017-10-28 21:00:00,Los Angeles Lakers,Utah Jazz,Vivint Smart Home Arena
2017-10-28 22:00:00,Phoenix Suns,Portland Trail Blazers,Moda Center
2017-10-28 22:30:00,Detroit Pistons,Los Angeles Clippers,Staples Center
2017-10-29 15:30:00,Milwaukee Bucks,Atlanta Hawks,Philips Arena
2017-10-29 16:30:00,San Antonio Spurs,Indiana Pacers,Bankers Life Fieldhouse
2017-10-29 18:00:00,Washington Wizards,Sacramento Kings,Golden 1 Center
2017-10-29 18:00:00,Denver Nuggets,Brooklyn Nets,Barclays Center
2017-10-29 18:00:00,Orlando Magic,Charlotte Hornets,Spectrum Center
2017-10-29 19:00:00,New York Knicks,Cleveland Cavaliers,Quicken Loans Arena
2017-10-29 20:30:00,Detroit Pistons,Golden State Warriors,Oracle Arena
2017-10-30 19:30:00,Denver Nuggets,New York Knicks,Madison Square Garden
2017-10-30 19:30:00,San Antonio Spurs,Boston Celtics,TD Garden
2017-10-30 19:30:00,Minnesota Timberwolves,Miami Heat,AmericanAirlines Arena
2017-10-30 20:00:00,Philadelphia 76ers,Houston Rockets,Toyota Center
2017-10-30 20:00:00,Charlotte Hornets,Memphis Grizzlies,FedExForum
2017-10-30 20:00:00,Orlando Magic,New Orleans Pelicans,Smoothie King Center
2017-10-30 21:00:00,Dallas Mavericks,Utah Jazz,Vivint Smart Home Arena
2017-10-30 22:00:00,Toronto Raptors,Portland Trail Blazers,Moda Center
2017-10-30 22:30:00,Golden State Warriors,Los Angeles Clippers,Staples Center
2017-10-31 19:00:00,Sacramento Kings,Indiana Pacers,Bankers Life Fieldhouse
2017-10-31 19:30:00,Phoenix Suns,Brooklyn Nets,Barclays Center
2017-10-31 20:00:00,Oklahoma City Thunder,Milwaukee Bucks,BMO Harris Bradley Center
2017-10-31 22:30:00,Detroit Pistons,Los Angeles Lakers,Staples Center
2017-11-01 19:00:00,Atlanta Hawks,Philadelphia 76ers,Wells Fargo Center
2017-11-01 19:00:00,Indiana Pacers,Cleveland Cavaliers,Quicken Loans Arena
2017-11-01 19:00:00,Phoenix Suns,Washington Wizards,Capital One Arena
2017-11-01 19:00:00,Milwaukee Bucks,Charlotte Hornets,Spectrum Center
2017-11-01 19:30:00,Chicago Bulls,Miami Heat,AmericanAirlines Arena
2017-11-01 19:30:00,Sacramento Kings,Boston Celtics,TD Garden
2017-11-01 20:00:00,Orlando Magic,Memphis Grizzlies,FedExForum
2017-11-01 20:00:00,Minnesota Timberwolves,New Orleans Pelicans,Smoothie King Center
2017-11-01 20:00:00,Houston Rockets,New York Knicks,Madison Square Garden
2017-11-01 21:00:00,Toronto Raptors,Denver Nuggets,Pepsi Center
2017-11-01 21:00:00,Portland Trail Blazers,Utah Jazz,Vivint Smart Home Arena
2017-11-01 22:30:00,Dallas Mavericks,Los Angeles Clippers,Staples Center
2017-11-02 20:00:00,Golden State Warriors,San Antonio Spurs,AT&T Center
2017-11-02 22:30:00,Los Angeles Lakers,Portland Trail Blazers,Moda Center
2017-11-03 19:00:00,Cleveland Cavaliers,Washington Wizards,Capital One Arena
2017-11-03 19:00:00,Milwaukee Bucks,Detroit Pistons,Little Caesars Arena
2017-11-03 19:00:00,Indiana Pacers,Philadelphia 76ers,Wells Fargo Center
2017-11-03 19:00:00,Chicago Bulls,Orlando Magic,Amway Center
2017-11-03 19:30:00,Phoenix Suns,New York Knicks,Madison Square Garden
2017-11-03 19:30:00,Houston Rockets,Atlanta Hawks,Philips Arena
2017-11-03 20:30:00,New Orleans Pelicans,Dallas Mavericks,American Airlines Center
2017-11-03 20:30:00,Charlotte Hornets,San Antonio Spurs,AT&T Center
2017-11-03 21:00:00,Miami Heat,Denver Nuggets,Pepsi Center
2017-11-03 21:00:00,Toronto Raptors,Utah Jazz,Vivint Smart Home Arena
2017-11-03 21:30:00,Boston Celtics,Oklahoma City Thunder,Chesapeake Energy Arena
2017-11-03 22:30:00,Brooklyn Nets,Los Angeles Lakers,Staples Center
2017-11-04 15:30:00,Memphis Grizzlies,Los Angeles Clippers,Staples Center
2017-11-04 19:00:00,Sacramento Kings,Detroit Pistons,Little Caesars Arena
2017-11-04 20:00:00,New Orleans Pelicans,Chicago Bulls,United Center
2017-11-04 20:00:00,Dallas Mavericks,Minnesota Timberwolves,Target Center
2017-11-04 21:00:00,Golden State Warriors,Denver Nuggets,Pepsi Center
2017-11-05 15:00:00,Atlanta Hawks,Cleveland Cavaliers,Quicken Loans Arena
2017-11-05 15:30:00,Miami Heat,Los Angeles Clippers,Staples Center
2017-11-05 18:00:00,Boston Celtics,Orlando Magic,Amway Center
2017-11-05 18:00:00,Washington Wizards,Toronto Raptors,Air Canada Centre
2017-11-05 19:00:00,Phoenix Suns,San Antonio Spurs,AT&T Center
2017-11-05 19:00:00,Utah Jazz,Houston Rockets,Toyota Center
2017-11-05 19:30:00,Indiana Pacers,New York Knicks,Madison Square Garden
2017-11-05 20:00:00,Charlotte Hornets,Minnesota Timberwolves,Target Center
2017-11-05 21:00:00,Oklahoma City Thunder,Portland Trail Blazers,Moda Center
2017-11-05 21:30:00,Memphis Grizzlies,Los Angeles Lakers,Staples Center
2017-11-06 19:30:00,Boston Celtics,Atlanta Hawks,Philips Arena
2017-11-06 21:00:00,Brooklyn Nets,Phoenix Suns,Talking Stick Resort Arena
2017-11-06 22:30:00,Miami Heat,Golden State Warriors,Oracle Arena
2017-11-07 19:00:00,Dallas Mavericks,Washington Wizards,Capital One Arena
2017-11-07 19:00:00,Milwaukee Bucks,Cleveland Cavaliers,Quicken Loans Arena
2017-11-07 19:00:00,New Orleans Pelicans,Indiana Pacers,Bankers Life Fieldhouse
2017-11-07 19:30:00,Chicago Bulls,Toronto Raptors,Air Canada Centre
2017-11-07 19:30:00,Charlotte Hornets,New York Knicks,Madison Square Garden
2017-11-07 20:30:00,Los Angeles Clippers,San Antonio Spurs,AT&T Center
2017-11-07 21:00:00,Brooklyn Nets,Denver Nuggets,Pepsi Center
2017-11-07 21:00:00,Philadelphia 76ers,Utah Jazz,Vivint Smart Home Arena
2017-11-07 22:00:00,Oklahoma City Thunder,Sacramento Kings,Golden 1 Center
2017-11-07 22:00:00,Memphis Grizzlies,Portland Trail Blazers,Moda Center
2017-11-08 19:00:00,Indiana Pacers,Detroit Pistons,Little Caesars Arena
2017-11-08 19:00:00,New York Knicks,Orlando Magic,Amway Center
2017-11-08 20:00:00,Los Angeles Lakers,Boston Celtics,TD Garden
2017-11-08 21:00:00,Miami Heat,Phoenix Suns,Talking Stick Resort Arena
2017-11-08 22:30:00,Minnesota Timberwolves,Golden State Warriors,Oracle Arena
2017-11-09 19:00:00,Los Angeles Lakers,Washington Wizards,Capital One Arena
2017-11-09 19:30:00,New Orleans Pelicans,Toronto Raptors,Air Canada Centre
2017-11-09 20:00:00,Cleveland Cavaliers,Houston Rockets,Toyota Center
2017-11-09 22:00:00,Philadelphia 76ers,Sacramento Kings,Golden 1 Center
2017-11-09 22:30:00,Oklahoma City Thunder,Denver Nuggets,Pepsi Center
2017-11-10 19:00:00,Atlanta Hawks,Detroit Pistons,Little Caesars Arena
2017-11-10 19:30:00,Charlotte Hornets,Boston Celtics,TD Garden
2017-11-10 20:00:00,Indiana Pacers,Chicago Bulls,United Center
2017-11-10 21:00:00,Los Angeles Clippers,Oklahoma City Thunder,Chesapeake Energy Arena
2017-11-10 21:00:00,Orlando Magic,Phoenix Suns,Talking Stick Resort Arena
2017-11-10 21:00:00,Milwaukee Bucks,San Antonio Spurs,AT&T Center
2017-11-10 21:00:00,Miami Heat,Utah Jazz,Vivint Smart Home Arena
2017-11-10 22:00:00,Brooklyn Nets,Portland Trail Blazers,Moda Center
2017-11-11 19:00:00,Atlanta Hawks,Washington Wizards,Capital One Arena
2017-11-11 19:00:00,Los Angeles Clippers,New Orleans Pelicans,Smoothie King Center
2017-11-11 20:00:00,Memphis Grizzlies,Houston Rockets,Toyota Center
2017-11-11 20:00:00,Sacramento Kings,New York Knicks,Madison Square Garden
2017-11-11 20:30:00,Cleveland Cavaliers,Dallas Mavericks,American Airlines Center
2017-11-11 20:30:00,Philadelphia 76ers,Golden State Warriors,Oracle Arena
2017-11-11 20:30:00,Los Angeles Lakers,Milwaukee Bucks,BMO Harris Bradley Center
2017-11-11 20:30:00,Chicago Bulls,San Antonio Spurs,AT&T Center
2017-11-11 21:00:00,Brooklyn Nets,Utah Jazz,Vivint Smart Home Arena
2017-11-11 21:00:00,Orlando Magic,Denver Nuggets,Pepsi Center
2017-11-11 21:00:00,Minnesota Timberwolves,Phoenix Suns,Talking Stick Resort Arena
2017-11-12 15:30:00,Toronto Raptors,Boston Celtics,TD Garden
2017-11-12 16:00:00,Miami Heat,Detroit Pistons,Little Caesars Arena
2017-11-12 18:00:00,Houston Rockets,Indiana Pacers,Bankers Life Fieldhouse
2017-11-12 19:00:00,Dallas Mavericks,Oklahoma City Thunder,Chesapeake Energy Arena
2017-11-13 19:00:00,Sacramento Kings,Washington Wizards,Capital One Arena
2017-11-13 19:30:00,Cleveland Cavaliers,New York Knicks,Madison Square Garden
2017-11-13 20:00:00,Memphis Grizzlies,Milwaukee Bucks,BMO Harris Bradley Center
2017-11-13 20:00:00,Atlanta Hawks,New Orleans Pelicans,Smoothie King Center
2017-11-13 21:00:00,Los Angeles Lakers,Phoenix Suns,Talking Stick Resort Arena
2017-11-13 21:00:00,Minnesota Timberwolves,Utah Jazz,Vivint Smart Home Arena
2017-11-13 22:00:00,Denver Nuggets,Portland Trail Blazers,Moda Center
2017-11-13 22:30:00,Philadelphia 76ers,Los Angeles Clippers,Staples Center
2017-11-13 22:30:00,Orlando Magic,Golden State Warriors,Oracle Arena
2017-11-14 19:30:00,Boston Celtics,Brooklyn Nets,Barclays Center
2017-11-14 20:00:00,Toronto Raptors,Houston Rockets,Toyota Center
2017-11-14 20:30:00,San Antonio Spurs,Dallas Mavericks,American Airlines Center
2017-11-15 19:30:00,Sacramento Kings,Atlanta Hawks,Philips Arena
2017-11-15 19:30:00,Washington Wizards,Miami Heat,AmericanAirlines Arena
2017-11-15 19:30:00,Utah Jazz,New York Knicks,Madison Square Garden
2017-11-15 20:00:00,Cleveland Cavaliers,Charlotte Hornets,Spectrum Center
2017-11-15 20:00:00,Chicago Bulls,Oklahoma City Thunder,Chesapeake Energy Arena
2017-11-15 20:00:00,Indiana Pacers,Memphis Grizzlies,FedExForum
2017-11-15 20:00:00,Detroit Pistons,Milwaukee Bucks,BMO Harris Bradley Center
2017-11-15 20:00:00,San Antonio Spurs,Minnesota Timberwolves,Target Center
2017-11-15 20:00:00,Toronto Raptors,New Orleans Pelicans,Smoothie King Center
2017-11-15 22:00:00,Orlando Magic,Portland Trail Blazers,Moda Center
2017-11-15 22:30:00,Philadelphia 76ers,Los Angeles Lakers,Staples Center
2017-11-16 20:00:00,Golden State Warriors,Boston Celtics,TD Garden
2017-11-16 22:30:00,Houston Rockets,Phoenix Suns,Talking Stick Resort Arena
2017-11-17 19:00:00,Miami Heat,Washington Wizards,Capital One Arena
2017-11-17 19:00:00,Detroit Pistons,Indiana Pacers,Bankers Life Fieldhouse
2017-11-17 19:30:00,Utah Jazz,Brooklyn Nets,Barclays Center
2017-11-17 19:30:00,Los Angeles Clippers,Cleveland Cavaliers,Quicken Loans Arena
2017-11-17 19:30:00,New York Knicks,Toronto Raptors,Air Canada Centre
2017-11-17 20:00:00,Charlotte Hornets,Chicago Bulls,United Center
2017-11-17 20:00:00,Oklahoma City Thunder,San Antonio Spurs,AT&T Center
2017-11-17 20:30:00,Minnesota Timberwolves,Dallas Mavericks,American Airlines Center
2017-11-17 22:00:00,Portland Trail Blazers,Sacramento Kings,Golden 1 Center
2017-11-17 22:30:00,New Orleans Pelicans,Denver Nuggets,Pepsi Center
2017-11-17 22:30:00,Phoenix Suns,Los Angeles Lakers,Staples Center
2017-11-18 19:00:00,Los Angeles Clippers,Charlotte Hornets,Spectrum Center
2017-11-18 19:00:00,Utah Jazz,Orlando Magic,Amway Center
2017-11-18 19:30:00,Boston Celtics,Atlanta Hawks,Philips Arena
2017-11-18 19:30:00,Golden State Warriors,Philadelphia 76ers,Wells Fargo Center
2017-11-18 20:00:00,Houston Rockets,Memphis Grizzlies,FedExForum
2017-11-18 21:00:00,Milwaukee Bucks,Dallas Mavericks,American Airlines Center
2017-11-18 22:00:00,Sacramento Kings,Portland Trail Blazers,Moda Center
2017-11-19 15:30:00,Washington Wizards,Toronto Raptors,Air Canada Centre
2017-11-19 17:00:00,Indiana Pacers,Miami Heat,AmericanAirlines Arena
2017-11-19 18:00:00,Golden State Warriors,Brooklyn Nets,Barclays Center
2017-11-19 19:00:00,Detroit Pistons,Minnesota Timberwolves,Target Center
2017-11-19 20:00:00,Chicago Bulls,Phoenix Suns,Talking Stick Resort Arena
2017-11-19 21:30:00,Denver Nuggets,Los Angeles Lakers,Staples Center
2017-11-20 19:00:00,Utah Jazz,Philadelphia 76ers,Wells Fargo Center
2017-11-20 19:00:00,Cleveland Cavaliers,Detroit Pistons,Little Caesars Arena
2017-11-20 19:00:00,Indiana Pacers,Orlando Magic,Amway Center
2017-11-20 19:00:00,Minnesota Timberwolves,Charlotte Hornets,Spectrum Center
2017-11-20 19:30:00,Los Angeles Clippers,New York Knicks,Madison Square Garden
2017-11-20 20:00:00,Portland Trail Blazers,Memphis Grizzlies,FedExForum
2017-11-20 20:00:00,Washington Wizards,Milwaukee Bucks,BMO Harris Bradley Center
2017-11-20 20:00:00,Oklahoma City Thunder,New Orleans Pelicans,Smoothie King Center
2017-11-20 20:30:00,Boston Celtics,Dallas Mavericks,American Airlines Center
2017-11-20 20:30:00,Atlanta Hawks,San Antonio Spurs,AT&T Center
2017-11-20 22:00:00,Denver Nuggets,Sacramento Kings,Golden 1 Center
2017-11-21 22:30:00,Chicago Bulls,Los Angeles Lakers,Staples Center
2017-11-22 19:00:00,Washington Wizards,Charlotte Hornets,Spectrum Center
2017-11-22 19:00:00,Portland Trail Blazers,Philadelphia 76ers,Wells Fargo Center
2017-11-22 19:00:00,Brooklyn Nets,Cleveland Cavaliers,Quicken Loans Arena
2017-11-22 19:30:00,Los Angeles Clippers,Atlanta Hawks,Philips Arena
2017-11-22 19:30:00,Boston Celtics,Miami Heat,AmericanAirlines Arena
2017-11-22 19:30:00,Toronto Raptors,New York Knicks,Madison Square Garden
2017-11-22 20:00:00,Denver Nuggets,Houston Rockets,Toyota Center
2017-11-22 20:00:00,Dallas Mavericks,Memphis Grizzlies,FedExForum
2017-11-22 20:00:00,Orlando Magic,Minnesota Timberwolves,Target Center
2017-11-22 20:00:00,San Antonio Spurs,New Orleans Pelicans,Smoothie King Center
2017-11-22 20:00:00,Golden State Warriors,Oklahoma City Thunder,Chesapeake Energy Arena
2017-11-22 21:00:00,Chicago Bulls,Utah Jazz,Vivint Smart Home Arena
2017-11-22 21:00:00,Milwaukee Bucks,Phoenix Suns,Talking Stick Resort Arena
2017-11-22 22:30:00,Los Angeles Lakers,Sacramento Kings,Golden 1 Center
2017-11-24 12:00:00,Portland Trail Blazers,Brooklyn Nets,Barclays Center
2017-11-24 19:30:00,Orlando Magic,Boston Celtics,TD Garden
2017-11-24 19:30:00,New York Knicks,Atlanta Hawks,Philips Arena
2017-11-24 20:00:00,Charlotte Hornets,Cleveland Cavaliers,Quicken Loans Arena
2017-11-24 20:00:00,Toronto Raptors,Indiana Pacers,Bankers Life Fieldhouse
2017-11-24 20:00:00,Miami Heat,Minnesota Timberwolves,Target Center
2017-11-24 20:00:00,Detroit Pistons,Oklahoma City Thunder,Chesapeake Energy Arena
2017-11-24 21:00:00,Memphis Grizzlies,Denver Nuggets,Pepsi Center
2017-11-24 21:00:00,New Orleans Pelicans,Phoenix Suns,Talking Stick Resort Arena
2017-11-24 22:30:00,Chicago Bulls,Golden State Warriors,Oracle Arena
2017-11-25 19:00:00,Orlando Magic,Philadelphia 76ers,Wells Fargo Center
2017-11-25 19:00:00,Portland Trail Blazers,Washington Wizards,Capital One Arena
2017-11-25 19:00:00,San Antonio Spurs,Charlotte Hornets,Spectrum Center
2017-11-25 19:30:00,Toronto Raptors,Atlanta Hawks,Philips Arena
2017-11-25 20:00:00,New York Knicks,Houston Rockets,Toyota Center
2017-11-25 20:00:00,Boston Celtics,Indiana Pacers,Bankers Life Fieldhouse
2017-11-25 20:30:00,Oklahoma City Thunder,Dallas Mavericks,American Airlines Center
2017-11-25 20:30:00,New Orleans Pelicans,Golden State Warriors,Oracle Arena
2017-11-25 21:00:00,Milwaukee Bucks,Utah Jazz,Vivint Smart Home Arena
2017-11-25 22:00:00,Los Angeles Clippers,Sacramento Kings,Golden 1 Center
2017-11-26 15:30:00,Phoenix Suns,Minnesota Timberwolves,Target Center
2017-11-26 15:30:00,Miami Heat,Chicago Bulls,United Center
2017-11-26 18:00:00,Brooklyn Nets,Memphis Grizzlies,FedExForum
2017-11-27 19:00:00,Orlando Magic,Indiana Pacers,Bankers Life Fieldhouse
2017-11-27 19:00:00,Cleveland Cavaliers,Philadelphia 76ers,Wells Fargo Center
2017-11-27 19:30:00,Detroit Pistons,Boston Celtics,TD Garden
2017-11-27 19:30:00,Portland Trail Blazers,New York Knicks,Madison Square Garden
2017-11-27 20:00:00,Brooklyn Nets,Houston Rockets,Toyota Center
2017-11-27 20:30:00,Dallas Mavericks,San Antonio Spurs,AT&T Center
2017-11-27 22:30:00,Sacramento Kings,Golden State Warriors,Oracle Arena
2017-11-27 22:30:00,Los Angeles Lakers,Los Angeles Clippers,Staples Center
2017-11-28 19:00:00,Miami Heat,Cleveland Cavaliers,Quicken Loans Arena
2017-11-28 20:00:00,Phoenix Suns,Chicago Bulls,United Center
2017-11-28 20:00:00,Washington Wizards,Minnesota Timberwolves,Target Center
2017-11-28 22:00:00,Milwaukee Bucks,Sacramento Kings,Golden 1 Center
2017-11-28 22:00:00,Denver Nuggets,Utah Jazz,Vivint Smart Home Arena
2017-11-29 19:00:00,Washington Wizards,Philadelphia 76ers,Wells Fargo Center
2017-11-29 19:00:00,Oklahoma City Thunder,Orlando Magic,Amway Center
2017-11-29 19:00:00,Phoenix Suns,Detroit Pistons,Little Caesars Arena
2017-11-29 19:30:00,Charlotte Hornets,Toronto Raptors,Air Canada Centre
2017-11-29 19:30:00,Miami Heat,New York Knicks,Madison Square Garden
2017-11-29 20:00:00,Minnesota Timberwolves,New Orleans Pelicans,Smoothie King Center
2017-11-29 20:00:00,Indiana Pacers,Houston Rockets,Toyota Center
2017-11-29 20:30:00,Memphis Grizzlies,San Antonio Spurs,AT&T Center
2017-11-29 20:30:00,Brooklyn Nets,Dallas Mavericks,American Airlines Center
2017-11-29 22:30:00,Golden State Warriors,Los Angeles Lakers,Staples Center
2017-11-30 19:30:00,Cleveland Cavaliers,Atlanta Hawks,Philips Arena
2017-11-30 19:30:00,Philadelphia 76ers,Boston Celtics,TD Garden
2017-11-30 21:00:00,Chicago Bulls,Denver Nuggets,Pepsi Center
2017-11-30 22:00:00,Milwaukee Bucks,Portland Trail Blazers,Moda Center
2017-11-30 22:30:00,Utah Jazz,Los Angeles Clippers,Staples Center
2017-12-01 19:00:00,Golden State Warriors,Orlando Magic,Amway Center
2017-12-01 19:00:00,Detroit Pistons,Washington Wizards,Capital One Arena
2017-12-01 19:30:00,Indiana Pacers,Toronto Raptors,Air Canada Centre
2017-12-01 20:00:00,Sacramento Kings,Chicago Bulls,United Center
2017-12-01 20:00:00,San Antonio Spurs,Memphis Grizzlies,FedExForum
2017-12-01 20:00:00,Charlotte Hornets,Miami Heat,AmericanAirlines Arena
2017-12-01 20:00:00,Minnesota Timberwolves,Oklahoma City Thunder,Chesapeake Energy Arena
2017-12-01 21:00:00,New Orleans Pelicans,Utah Jazz,Vivint Smart Home Arena
2017-12-02 13:00:00,Phoenix Suns,Boston Celtics,TD Garden
2017-12-02 14:00:00,Los Angeles Clippers,Dallas Mavericks,American Airlines Center
2017-12-02 15:00:00,Atlanta Hawks,Brooklyn Nets,Barclays Center
2017-12-02 19:30:00,Memphis Grizzlies,Cleveland Cavaliers,Quicken Loans Arena
2017-12-02 19:30:00,Detroit Pistons,Philadelphia 76ers,Wells Fargo Center
2017-12-02 20:30:00,Sacramento Kings,Milwaukee Bucks,BMO Harris Bradley Center
2017-12-02 21:00:00,Los Angeles Lakers,Denver Nuggets,Pepsi Center
2017-12-02 22:00:00,New Orleans Pelicans,Portland Trail Blazers,Moda Center
2017-12-03 15:30:00,Orlando Magic,New York Knicks,Madison Square Garden
2017-12-03 19:00:00,Golden State Warriors,Miami Heat,AmericanAirlines Arena
2017-12-03 19:00:00,Los Angeles Clippers,Minnesota Timberwolves,Target Center
2017-12-03 19:00:00,San Antonio Spurs,Oklahoma City Thunder,Chesapeake Energy Arena
2017-12-03 21:30:00,Houston Rockets,Los Angeles Lakers,Staples Center
2017-12-04 19:00:00,New York Knicks,Indiana Pacers,Bankers Life Fieldhouse
2017-12-04 19:00:00,Orlando Magic,Charlotte Hornets,Spectrum Center
2017-12-04 19:00:00,Phoenix Suns,Philadelphia 76ers,Wells Fargo Center
2017-12-04 19:30:00,Milwaukee Bucks,Boston Celtics,TD Garden
2017-12-04 19:30:00,Brooklyn Nets,Atlanta Hawks,Philips Arena
2017-12-04 20:00:00,Minnesota Timberwolves,Memphis Grizzlies,FedExForum
2017-12-04 20:00:00,Golden State Warriors,New Orleans Pelicans,Smoothie King Center
2017-12-04 20:00:00,Cleveland Cavaliers,Chicago Bulls,United Center
2017-12-04 20:30:00,Denver Nuggets,Dallas Mavericks,American Airlines Center
2017-12-04 20:30:00,Detroit Pistons,San Antonio Spurs,AT&T Center
2017-12-04 21:00:00,Washington Wizards,Utah Jazz,Vivint Smart Home Arena
2017-12-05 19:30:00,Phoenix Suns,Toronto Raptors,Air Canada Centre
2017-12-05 20:00:00,Utah Jazz,Oklahoma City Thunder,Chesapeake Energy Arena
2017-12-05 22:00:00,Washington Wizards,Portland Trail Blazers,Moda Center
2017-12-06 19:00:00,Atlanta Hawks,Orlando Magic,Amway Center
2017-12-06 19:00:00,Sacramento Kings,Cleveland Cavaliers,Quicken Loans Arena
2017-12-06 19:00:00,Chicago Bulls,Indiana Pacers,Bankers Life Fieldhouse
2017-12-06 19:30:00,Dallas Mavericks,Boston Celtics,TD Garden
2017-12-06 19:30:00,Memphis Grizzlies,New York Knicks,Madison Square Garden
2017-12-06 20:00:00,Golden State Warriors,Charlotte Hornets,Spectrum Center
2017-12-06 20:00:00,Detroit Pistons,Milwaukee Bucks,BMO Harris Bradley Center
2017-12-06 20:00:00,Denver Nuggets,New Orleans Pelicans,Smoothie King Center
2017-12-06 20:30:00,Miami Heat,San Antonio Spurs,AT&T Center
2017-12-06 22:30:00,Minnesota Timberwolves,Los Angeles Clippers,Staples Center
2017-12-07 20:00:00,Los Angeles Lakers,Philadelphia 76ers,Wells Fargo Center
2017-12-07 21:00:00,Washington Wizards,Phoenix Suns,Talking Stick Resort Arena
2017-12-07 22:00:00,Oklahoma City Thunder,Brooklyn Nets,Mexico City Arena
2017-12-07 22:30:00,Houston Rockets,Utah Jazz,Vivint Smart Home Arena
2017-12-08 19:00:00,Chicago Bulls,Charlotte Hornets,Spectrum Center
2017-12-08 19:00:00,Golden State Warriors,Detroit Pistons,Little Caesars Arena
2017-12-08 19:00:00,Cleveland Cavaliers,Indiana Pacers,Bankers Life Fieldhouse
2017-12-08 19:00:00,Denver Nuggets,Orlando Magic,Amway Center
2017-12-08 20:00:00,Toronto Raptors,Memphis Grizzlies,FedExForum
2017-12-08 20:00:00,Dallas Mavericks,Milwaukee Bucks,BMO Harris Bradley Center
2017-12-08 20:00:00,Sacramento Kings,New Orleans Pelicans,Smoothie King Center
2017-12-08 21:30:00,Boston Celtics,San Antonio Spurs,AT&T Center
2017-12-09 15:30:00,Washington Wizards,Los Angeles Clippers,Staples Center
2017-12-09 18:00:00,Miami Heat,Brooklyn Nets,Mexico City Arena
2017-12-09 19:00:00,Los Angeles Lakers,Charlotte Hornets,Spectrum Center
2017-12-09 19:30:00,Orlando Magic,Atlanta Hawks,Philips Arena
2017-12-09 20:00:00,Philadelphia 76ers,Cleveland Cavaliers,Quicken Loans Arena
2017-12-09 20:00:00,New York Knicks,Chicago Bulls,United Center
2017-12-09 20:30:00,Utah Jazz,Milwaukee Bucks,BMO Harris Bradley Center
2017-12-09 21:00:00,San Antonio Spurs,Phoenix Suns,Talking Stick Resort Arena
2017-12-09 21:00:00,Oklahoma City Thunder,Memphis Grizzlies,FedExForum
2017-12-09 22:00:00,Houston Rockets,Portland Trail Blazers,Moda Center
2017-12-10 15:30:00,Toronto Raptors,Sacramento Kings,Golden 1 Center
2017-12-10 16:00:00,Boston Celtics,Detroit Pistons,Little Caesars Arena
2017-12-10 17:00:00,Denver Nuggets,Indiana Pacers,Bankers Life Fieldhouse
2017-12-10 19:00:00,Philadelphia 76ers,New Orleans Pelicans,Smoothie King Center
2017-12-10 19:00:00,Dallas Mavericks,Minnesota Timberwolves,Target Center
2017-12-10 19:30:00,Atlanta Hawks,New York Knicks,Madison Square Garden
2017-12-11 20:00:00,Boston Celtics,Chicago Bulls,United Center
2017-12-11 20:00:00,New Orleans Pelicans,Houston Rockets,Toyota Center
2017-12-11 20:00:00,Miami Heat,Memphis Grizzlies,FedExForum
2017-12-11 20:00:00,Charlotte Hornets,Oklahoma City Thunder,Chesapeake Energy Arena
2017-12-11 22:30:00,Portland Trail Blazers,Golden State Warriors,Oracle Arena
2017-12-11 22:30:00,Toronto Raptors,Los Angeles Clippers,Staples Center
2017-12-12 19:00:00,Los Angeles Lakers,New York Knicks,Madison Square Garden
2017-12-12 19:00:00,Atlanta Hawks,Cleveland Cavaliers,Quicken Loans Arena
2017-12-12 19:00:00,Denver Nuggets,Detroit Pistons,Little Caesars Arena
2017-12-12 19:30:00,Washington Wizards,Brooklyn Nets,Barclays Center
2017-12-12 20:30:00,San Antonio Spurs,Dallas Mavericks,American Airlines Center
2017-12-12 21:30:00,Philadelphia 76ers,Minnesota Timberwolves,Target Center
2017-12-12 22:00:00,Phoenix Suns,Sacramento Kings,Golden 1 Center
2017-12-13 19:00:00,Memphis Grizzlies,Washington Wizards,Capital One Arena
2017-12-13 19:00:00,Los Angeles Clippers,Orlando Magic,Amway Center
2017-12-13 19:00:00,Oklahoma City Thunder,Indiana Pacers,Bankers Life Fieldhouse
2017-12-13 19:30:00,Portland Trail Blazers,Miami Heat,AmericanAirlines Arena
2017-12-13 19:30:00,Denver Nuggets,Boston Celtics,TD Garden
2017-12-13 20:00:00,Milwaukee Bucks,New Orleans Pelicans,Smoothie King Center
2017-12-13 20:00:00,Utah Jazz,Chicago Bulls,United Center
2017-12-13 21:00:00,Toronto Raptors,Phoenix Suns,Talking Stick Resort Arena
2017-12-13 21:30:00,Charlotte Hornets,Houston Rockets,Toyota Center
2017-12-14 19:30:00,Detroit Pistons,Atlanta Hawks,Philips Arena
2017-12-14 19:30:00,New York Knicks,Brooklyn Nets,Barclays Center
2017-12-14 20:00:00,Los Angeles Lakers,Cleveland Cavaliers,Quicken Loans Arena
2017-12-14 20:00:00,Sacramento Kings,Minnesota Timberwolves,Target Center
2017-12-14 22:30:00,Dallas Mavericks,Golden State Warriors,Oracle Arena
2017-12-15 19:00:00,Los Angeles Clippers,Washington Wizards,Capital One Arena
2017-12-15 19:00:00,Oklahoma City Thunder,Philadelphia 76ers,Wells Fargo Center
2017-12-15 19:00:00,Detroit Pistons,Indiana Pacers,Bankers Life Fieldhouse
2017-12-15 19:00:00,Portland Trail Blazers,Orlando Magic,Amway Center
2017-12-15 19:00:00,Miami Heat,Charlotte Hornets,Spectrum Center
2017-12-15 19:30:00,Utah Jazz,Boston Celtics,TD Garden
2017-12-15 19:30:00,Brooklyn Nets,Toronto Raptors,Air Canada Centre
2017-12-15 20:00:00,Atlanta Hawks,Memphis Grizzlies,FedExForum
2017-12-15 20:00:00,Chicago Bulls,Milwaukee Bucks,BMO Harris Bradley Center
2017-12-15 21:00:00,New Orleans Pelicans,Denver Nuggets,Pepsi Center
2017-12-15 21:30:00,San Antonio Spurs,Houston Rockets,Toyota Center
2017-12-16 19:00:00,Portland Trail Blazers,Charlotte Hornets,Spectrum Center
2017-12-16 19:30:00,Utah Jazz,Cleveland Cavaliers,Quicken Loans Arena
2017-12-16 19:30:00,Oklahoma City Thunder,New York Knicks,Madison Square Garden
2017-12-16 20:00:00,Phoenix Suns,Minnesota Timberwolves,Target Center
2017-12-16 20:00:00,Los Angeles Clippers,Miami Heat,AmericanAirlines Arena
2017-12-16 20:00:00,Milwaukee Bucks,Houston Rockets,Toyota Center
2017-12-16 20:30:00,Dallas Mavericks,San Antonio Spurs,AT&T Center
2017-12-16 21:00:00,Boston Celtics,Memphis Grizzlies,FedExForum
2017-12-17 15:30:00,Sacramento Kings,Toronto Raptors,Air Canada Centre
2017-12-17 16:00:00,Orlando Magic,Detroit Pistons,Little Caesars Arena
2017-12-17 18:00:00,Indiana Pacers,Brooklyn Nets,Barclays Center
2017-12-17 18:00:00,Cleveland Cavaliers,Washington Wizards,Capital One Arena
2017-12-18 19:00:00,New York Knicks,Charlotte Hornets,Spectrum Center
2017-12-18 19:00:00,Boston Celtics,Indiana Pacers,Bankers Life Fieldhouse
2017-12-18 19:30:00,Miami Heat,Atlanta Hawks,Philips Arena
2017-12-18 20:00:00,Denver Nuggets,Oklahoma City Thunder,Chesapeake Energy Arena
2017-12-18 20:00:00,Portland Trail Blazers,Minnesota Timberwolves,Target Center
2017-12-18 20:00:00,Philadelphia 76ers,Chicago Bulls,United Center
2017-12-18 20:00:00,Utah Jazz,Houston Rockets,Toyota Center
2017-12-18 20:30:00,Phoenix Suns,Dallas Mavericks,American Airlines Center
2017-12-18 20:30:00,Los Angeles Clippers,San Antonio Spurs,AT&T Center
2017-12-18 22:30:00,Golden State Warriors,Los Angeles Lakers,Staples Center
2017-12-19 19:00:00,Sacramento Kings,Philadelphia 76ers,Wells Fargo Center
2017-12-19 19:00:00,New Orleans Pelicans,Washington Wizards,Capital One Arena
2017-12-19 20:00:00,Cleveland Cavaliers,Milwaukee Bucks,BMO Harris Bradley Center
2017-12-20 19:00:00,Toronto Raptors,Charlotte Hornets,Spectrum Center
2017-12-20 19:30:00,Sacramento Kings,Brooklyn Nets,Barclays Center
2017-12-20 19:30:00,Miami Heat,Boston Celtics,TD Garden
2017-12-20 19:30:00,Indiana Pacers,Atlanta Hawks,Philips Arena
2017-12-20 20:00:00,Orlando Magic,Chicago Bulls,United Center
2017-12-20 20:00:00,Los Angeles Lakers,Houston Rockets,Toyota Center
2017-12-20 20:00:00,Utah Jazz,Oklahoma City Thunder,Chesapeake Energy Arena
2017-12-20 20:30:00,Detroit Pistons,Dallas Mavericks,American Airlines Center
2017-12-20 21:00:00,Minnesota Timberwolves,Denver Nuggets,Pepsi Center
2017-12-20 22:00:00,San Antonio Spurs,Portland Trail Blazers,Moda Center
2017-12-20 22:30:00,Memphis Grizzlies,Golden State Warriors,Oracle Arena
2017-12-20 22:30:00,Phoenix Suns,Los Angeles Clippers,Staples Center
2017-12-21 19:00:00,Chicago Bulls,Cleveland Cavaliers,Quicken Loans Arena
2017-12-21 19:00:00,Toronto Raptors,Philadelphia 76ers,Wells Fargo Center
2017-12-21 20:00:00,Boston Celtics,New York Knicks,Madison Square Garden
2017-12-21 21:00:00,Memphis Grizzlies,Phoenix Suns,Talking Stick Resort Arena
2017-12-21 22:30:00,San Antonio Spurs,Utah Jazz,Vivint Smart Home Arena
2017-12-22 19:00:00,New York Knicks,Detroit Pistons,Little Caesars Arena
2017-12-22 19:00:00,New Orleans Pelicans,Orlando Magic,Amway Center
2017-12-22 19:30:00,Washington Wizards,Brooklyn Nets,Barclays Center
2017-12-22 20:00:00,Los Angeles Clippers,Houston Rockets,Toyota Center
2017-12-22 20:00:00,Dallas Mavericks,Miami Heat,AmericanAirlines Arena
2017-12-22 20:00:00,Charlotte Hornets,Milwaukee Bucks,BMO Harris Bradley Center
2017-12-22 20:00:00,Atlanta Hawks,Oklahoma City Thunder,Chesapeake Energy Arena
2017-12-22 22:00:00,Denver Nuggets,Portland Trail Blazers,Moda Center
2017-12-22 22:30:00,Los Angeles Lakers,Golden State Warriors,Oracle Arena
2017-12-23 17:00:00,Philadelphia 76ers,Toronto Raptors,Air Canada Centre
2017-12-23 19:00:00,Orlando Magic,Washington Wizards,Capital One Arena
2017-12-23 19:00:00,Brooklyn Nets,Indiana Pacers,Bankers Life Fieldhouse
2017-12-23 19:00:00,Milwaukee Bucks,Charlotte Hornets,Spectrum Center
2017-12-23 19:30:00,Chicago Bulls,Boston Celtics,TD Garden
2017-12-23 19:30:00,Dallas Mavericks,Atlanta Hawks,Philips Arena
2017-12-23 20:00:00,Los Angeles Clippers,Memphis Grizzlies,FedExForum
2017-12-23 20:00:00,New Orleans Pelicans,Miami Heat,AmericanAirlines Arena
2017-12-23 20:00:00,Oklahoma City Thunder,Utah Jazz,Vivint Smart Home Arena
2017-12-23 20:30:00,Denver Nuggets,Golden State Warriors,Oracle Arena
2017-12-23 21:00:00,Minnesota Timberwolves,Phoenix Suns,Talking Stick Resort Arena
2017-12-23 21:30:00,Portland Trail Blazers,Los Angeles Lakers,Staples Center
2017-12-23 22:00:00,San Antonio Spurs,Sacramento Kings,Golden 1 Center
2017-12-25 12:00:00,Philadelphia 76ers,New York Knicks,Madison Square Garden
2017-12-25 15:00:00,Cleveland Cavaliers,Golden State Warriors,Oracle Arena
2017-12-25 17:30:00,Washington Wizards,Boston Celtics,TD Garden
2017-12-25 20:00:00,Houston Rockets,Oklahoma City Thunder,Chesapeake Energy Arena
2017-12-25 22:30:00,Minnesota Timberwolves,Los Angeles Lakers,Staples Center
2017-12-26 19:00:00,Toronto Raptors,Dallas Mavericks,American Airlines Center
2017-12-26 19:00:00,Indiana Pacers,Detroit Pistons,Little Caesars Arena
2017-12-26 19:30:00,Orlando Magic,Miami Heat,AmericanAirlines Arena
2017-12-26 20:00:00,Chicago Bulls,Milwaukee Bucks,BMO Harris Bradley Center
2017-12-26 20:30:00,Brooklyn Nets,San Antonio Spurs,AT&T Center
2017-12-26 21:00:00,Utah Jazz,Denver Nuggets,Pepsi Center
2017-12-26 21:00:00,Memphis Grizzlies,Phoenix Suns,Talking Stick Resort Arena
2017-12-26 22:30:00,Sacramento Kings,Los Angeles Clippers,Staples Center
2017-12-27 19:00:00,Boston Celtics,Charlotte Hornets,Spectrum Center
2017-12-27 19:00:00,Dallas Mavericks,Indiana Pacers,Bankers Life Fieldhouse
2017-12-27 19:30:00,Washington Wizards,Atlanta Hawks,Philips Arena
2017-12-27 20:00:00,New York Knicks,Chicago Bulls,United Center
2017-12-27 20:00:00,Toronto Raptors,Oklahoma City Thunder,Chesapeake Energy Arena
2017-12-27 20:00:00,Brooklyn Nets,New Orleans Pelicans,Smoothie King Center
2017-12-27 20:00:00,Denver Nuggets,Minnesota Timberwolves,Target Center
2017-12-27 22:00:00,Cleveland Cavaliers,Sacramento Kings,Golden 1 Center
2017-12-27 22:30:00,Utah Jazz,Golden State Warriors,Oracle Arena
2017-12-27 22:30:00,Memphis Grizzlies,Los Angeles Lakers,Staples Center
2017-12-28 19:00:00,Detroit Pistons,Orlando Magic,Amway Center
2017-12-28 20:00:00,Houston Rockets,Boston Celtics,TD Garden
2017-12-28 20:00:00,Minnesota Timberwolves,Milwaukee Bucks,BMO Harris Bradley Center
2017-12-28 20:30:00,New York Knicks,San Antonio Spurs,AT&T Center
2017-12-28 22:30:00,Philadelphia 76ers,Portland Trail Blazers,Moda Center
2017-12-29 19:00:00,Houston Rockets,Washington Wizards,Capital One Arena
2017-12-29 19:30:00,Atlanta Hawks,Toronto Raptors,Air Canada Centre
2017-12-29 20:00:00,Milwaukee Bucks,Oklahoma City Thunder,Chesapeake Energy Arena
2017-12-29 20:00:00,Dallas Mavericks,New Orleans Pelicans,Smoothie King Center
2017-12-29 20:00:00,Indiana Pacers,Chicago Bulls,United Center
2017-12-29 20:00:00,Brooklyn Nets,Miami Heat,AmericanAirlines Arena
2017-12-29 22:00:00,Phoenix Suns,Sacramento Kings,Golden 1 Center
2017-12-29 22:30:00,Los Angeles Clippers,Los Angeles Lakers,Staples Center
2017-12-29 22:30:00,Charlotte Hornets,Golden State Warriors,Oracle Arena
2017-12-30 19:00:00,San Antonio Spurs,Detroit Pistons,Little Caesars Arena
2017-12-30 19:00:00,Miami Heat,Orlando Magic,Amway Center
2017-12-30 19:00:00,New York Knicks,New Orleans Pelicans,Smoothie King Center
2017-12-30 19:30:00,Portland Trail Blazers,Atlanta Hawks,Philips Arena
2017-12-30 20:00:00,Cleveland Cavaliers,Utah Jazz,Vivint Smart Home Arena
2017-12-30 20:30:00,Memphis Grizzlies,Golden State Warriors,Oracle Arena
2017-12-30 21:00:00,Philadelphia 76ers,Denver Nuggets,Pepsi Center
2017-12-31 15:30:00,Chicago Bulls,Washington Wizards,Capital One Arena
2017-12-31 17:00:00,Minnesota Timberwolves,Indiana Pacers,Bankers Life Fieldhouse
2017-12-31 17:30:00,Brooklyn Nets,Boston Celtics,TD Garden
2017-12-31 19:00:00,Charlotte Hornets,Los Angeles Clippers,Staples Center
2017-12-31 19:00:00,Dallas Mavericks,Oklahoma City Thunder,Chesapeake Energy Arena
2017-12-31 19:00:00,Memphis Grizzlies,Sacramento Kings,Golden 1 Center
2017-12-31 19:00:00,Los Angeles Lakers,Houston Rockets,Toyota Center
2017-12-31 20:00:00,Philadelphia 76ers,Phoenix Suns,Talking Stick Resort Arena
2018-01-01 19:30:00,Orlando Magic,Brooklyn Nets,Barclays Center
2018-01-01 19:30:00,Milwaukee Bucks,Toronto Raptors,Air Canada Centre
2018-01-01 20:00:00,Portland Trail Blazers,Chicago Bulls,United Center
2018-01-01 20:00:00,Los Angeles Lakers,Minnesota Timberwolves,Target Center
2018-01-02 19:00:00,Portland Trail Blazers,Cleveland Cavaliers,Quicken Loans Arena
2018-01-02 19:30:00,San Antonio Spurs,New York Knicks,Madison Square Garden
2018-01-02 21:00:00,Atlanta Hawks,Phoenix Suns,Talking Stick Resort Arena
2018-01-02 22:00:00,Charlotte Hornets,Sacramento Kings,Golden 1 Center
2018-01-02 22:30:00,Memphis Grizzlies,Los Angeles Clippers,Staples Center
2018-01-03 19:00:00,New York Knicks,Washington Wizards,Capital One Arena
2018-01-03 19:00:00,San Antonio Spurs,Philadelphia 76ers,Wells Fargo Center
2018-01-03 19:00:00,Houston Rockets,Orlando Magic,Amway Center
2018-01-03 19:30:00,Minnesota Timberwolves,Brooklyn Nets,Barclays Center
2018-01-03 19:30:00,Detroit Pistons,Miami Heat,AmericanAirlines Arena
2018-01-03 20:00:00,Cleveland Cavaliers,Boston Celtics,TD Garden
2018-01-03 20:00:00,Toronto Raptors,Chicago Bulls,United Center
2018-01-03 20:00:00,Indiana Pacers,Milwaukee Bucks,BMO Harris Bradley Center
2018-01-03 20:30:00,Golden State Warriors,Dallas Mavericks,American Airlines Center
2018-01-03 21:00:00,Phoenix Suns,Denver Nuggets,Pepsi Center
2018-01-03 21:00:00,New Orleans Pelicans,Utah Jazz,Vivint Smart Home Arena
2018-01-03 22:30:00,Oklahoma City Thunder,Los Angeles Lakers,Staples Center
2018-01-04 20:00:00,Golden State Warriors,Houston Rockets,Toyota Center
2018-01-04 22:30:00,Oklahoma City Thunder,Los Angeles Clippers,Staples Center
2018-01-05 19:00:00,Detroit Pistons,Philadelphia 76ers,Wells Fargo Center
2018-01-05 19:00:00,Minnesota Timberwolves,Boston Celtics,TD Garden
2018-01-05 20:00:00,New York Knicks,Miami Heat,AmericanAirlines Arena
2018-01-05 20:00:00,Toronto Raptors,Milwaukee Bucks,BMO Harris Bradley Center
2018-01-05 20:30:00,Chicago Bulls,Dallas Mavericks,American Airlines Center
2018-01-05 20:30:00,Phoenix Suns,San Antonio Spurs,AT&T Center
2018-01-05 21:00:00,Utah Jazz,Denver Nuggets,Pepsi Center
2018-01-05 21:30:00,Washington Wizards,Memphis Grizzlies,FedExForum
2018-01-05 22:00:00,Atlanta Hawks,Portland Trail Blazers,Moda Center
2018-01-05 22:30:00,Charlotte Hornets,Los Angeles Lakers,Staples Center
2018-01-06 15:30:00,Golden State Warriors,Los Angeles Clippers,Staples Center
2018-01-06 18:00:00,Boston Celtics,Brooklyn Nets,Barclays Center
2018-01-06 19:00:00,Houston Rockets,Detroit Pistons,Little Caesars Arena
2018-01-06 19:00:00,Chicago Bulls,Indiana Pacers,Bankers Life Fieldhouse
2018-01-06 19:00:00,Cleveland Cavaliers,Orlando Magic,Amway Center
2018-01-06 20:00:00,Milwaukee Bucks,Washington Wizards,Capital One Arena
2018-01-06 21:00:00,New Orleans Pelicans,Minnesota Timberwolves,Target Center
2018-01-06 22:00:00,Denver Nuggets,Sacramento Kings,Golden 1 Center
2018-01-07 15:30:00,Utah Jazz,Miami Heat,AmericanAirlines Arena
2018-01-07 19:00:00,New York Knicks,Dallas Mavericks,American Airlines Center
2018-01-07 20:00:00,Oklahoma City Thunder,Phoenix Suns,Talking Stick Resort Arena
2018-01-07 21:00:00,San Antonio Spurs,Portland Trail Blazers,Moda Center
2018-01-07 21:30:00,Atlanta Hawks,Los Angeles Lakers,Staples Center
2018-01-08 19:00:00,Milwaukee Bucks,Indiana Pacers,Bankers Life Fieldhouse
2018-01-08 19:30:00,Toronto Raptors,Brooklyn Nets,Barclays Center
2018-01-08 20:00:00,Houston Rockets,Chicago Bulls,United Center
2018-01-08 20:00:00,Cleveland Cavaliers,Minnesota Timberwolves,Target Center
2018-01-08 20:00:00,Detroit Pistons,New Orleans Pelicans,Smoothie King Center
2018-01-08 22:00:00,San Antonio Spurs,Sacramento Kings,Golden 1 Center
2018-01-08 22:30:00,Denver Nuggets,Golden State Warriors,Oracle Arena
2018-01-08 22:30:00,Atlanta Hawks,Los Angeles Clippers,Staples Center
2018-01-09 19:30:00,Miami Heat,Toronto Raptors,Air Canada Centre
2018-01-09 20:00:00,Portland Trail Blazers,Oklahoma City Thunder,Chesapeake Energy Arena
2018-01-09 20:30:00,Orlando Magic,Dallas Mavericks,American Airlines Center
2018-01-09 22:30:00,Sacramento Kings,Los Angeles Lakers,Staples Center
2018-01-10 19:00:00,Miami Heat,Indiana Pacers,Bankers Life Fieldhouse
2018-01-10 19:00:00,Utah Jazz,Washington Wizards,Capital One Arena
2018-01-10 19:00:00,Dallas Mavericks,Charlotte Hornets,Spectrum Center
2018-01-10 19:30:00,Detroit Pistons,Brooklyn Nets,Barclays Center
2018-01-10 19:30:00,Chicago Bulls,New York Knicks,Madison Square Garden
2018-01-10 20:00:00,Portland Trail Blazers,Houston Rockets,Toyota Center
2018-01-10 20:00:00,New Orleans Pelicans,Memphis Grizzlies,FedExForum
2018-01-10 20:00:00,Orlando Magic,Milwaukee Bucks,BMO Harris Bradley Center
2018-01-10 20:00:00,Oklahoma City Thunder,Minnesota Timberwolves,Target Center
2018-01-10 21:00:00,Atlanta Hawks,Denver Nuggets,Pepsi Center
2018-01-10 22:30:00,Los Angeles Clippers,Golden State Warriors,Oracle Arena
2018-01-11 15:00:00,Boston Celtics,Philadelphia 76ers,The O2 Arena
2018-01-11 20:00:00,Cleveland Cavaliers,Toronto Raptors,Air Canada Centre
2018-01-11 22:00:00,Los Angeles Clippers,Sacramento Kings,Golden 1 Center
2018-01-11 22:30:00,San Antonio Spurs,Los Angeles Lakers,Staples Center
2018-01-12 19:00:00,Utah Jazz,Charlotte Hornets,Spectrum Center
2018-01-12 19:00:00,Orlando Magic,Washington Wizards,Capital One Arena
2018-01-12 19:00:00,Cleveland Cavaliers,Indiana Pacers,Bankers Life Fieldhouse
2018-01-12 19:30:00,Brooklyn Nets,Atlanta Hawks,Philips Arena
2018-01-12 20:00:00,New York Knicks,Minnesota Timberwolves,Target Center
2018-01-12 20:00:00,Portland Trail Blazers,New Orleans Pelicans,Smoothie King Center
2018-01-12 20:00:00,Golden State Warriors,Milwaukee Bucks,BMO Harris Bradley Center
2018-01-12 21:00:00,Memphis Grizzlies,Denver Nuggets,Pepsi Center
2018-01-12 22:30:00,Houston Rockets,Phoenix Suns,Talking Stick Resort Arena
2018-01-13 14:00:00,Los Angeles Lakers,Dallas Mavericks,American Airlines Center
2018-01-13 15:30:00,Sacramento Kings,Los Angeles Clippers,Staples Center
2018-01-13 17:00:00,Oklahoma City Thunder,Charlotte Hornets,Spectrum Center
2018-01-13 19:00:00,Brooklyn Nets,Washington Wizards,Capital One Arena
2018-01-13 19:30:00,Golden State Warriors,Toronto Raptors,Air Canada Centre
2018-01-13 20:00:00,Detroit Pistons,Chicago Bulls,United Center
2018-01-13 20:30:00,Denver Nuggets,San Antonio Spurs,AT&T Center
2018-01-14 13:00:00,Milwaukee Bucks,Miami Heat,AmericanAirlines Arena
2018-01-14 15:30:00,New Orleans Pelicans,New York Knicks,Madison Square Garden
2018-01-14 20:00:00,Indiana Pacers,Phoenix Suns,Talking Stick Resort Arena
2018-01-14 21:00:00,Portland Trail Blazers,Minnesota Timberwolves,Target Center
2018-01-15 12:30:00,Charlotte Hornets,Detroit Pistons,Little Caesars Arena
2018-01-15 13:00:00,Toronto Raptors,Philadelphia 76ers,Wells Fargo Center
2018-01-15 14:00:00,Milwaukee Bucks,Washington Wizards,Capital One Arena
2018-01-15 15:00:00,San Antonio Spurs,Atlanta Hawks,Philips Arena
2018-01-15 15:00:00,New York Knicks,Brooklyn Nets,Barclays Center
2018-01-15 15:30:00,Miami Heat,Chicago Bulls,United Center
2018-01-15 17:30:00,Los Angeles Lakers,Memphis Grizzlies,FedExForum
2018-01-15 20:00:00,Sacramento Kings,Oklahoma City Thunder,Chesapeake Energy Arena
2018-01-15 20:00:00,Golden State Warriors,Cleveland Cavaliers,Quicken Loans Arena
2018-01-15 21:00:00,Indiana Pacers,Utah Jazz,Vivint Smart Home Arena
2018-01-15 22:30:00,Houston Rockets,Los Angeles Clippers,Staples Center
2018-01-16 19:00:00,Minnesota Timberwolves,Orlando Magic,Amway Center
2018-01-16 19:30:00,New Orleans Pelicans,Boston Celtics,TD Garden
2018-01-16 21:00:00,Dallas Mavericks,Denver Nuggets,Pepsi Center
2018-01-16 22:00:00,Phoenix Suns,Portland Trail Blazers,Moda Center
2018-01-17 19:00:00,Washington Wizards,Charlotte Hornets,Spectrum Center
2018-01-17 19:30:00,Detroit Pistons,Toronto Raptors,Air Canada Centre
2018-01-17 19:30:00,San Antonio Spurs,Brooklyn Nets,Barclays Center
2018-01-17 19:30:00,New Orleans Pelicans,Atlanta Hawks,Philips Arena
2018-01-17 20:00:00,Golden State Warriors,Chicago Bulls,United Center
2018-01-17 20:00:00,New York Knicks,Memphis Grizzlies,FedExForum
2018-01-17 20:00:00,Miami Heat,Milwaukee Bucks,BMO Harris Bradley Center
2018-01-17 20:00:00,Los Angeles Lakers,Oklahoma City Thunder,Chesapeake Energy Arena
2018-01-17 22:00:00,Utah Jazz,Sacramento Kings,Golden 1 Center
2018-01-17 22:30:00,Denver Nuggets,Los Angeles Clippers,Staples Center
2018-01-18 19:00:00,Philadelphia 76ers,Boston Celtics,TD Garden
2018-01-18 19:00:00,Orlando Magic,Cleveland Cavaliers,Quicken Loans Arena
2018-01-18 21:30:00,Minnesota Timberwolves,Houston Rockets,Toyota Center
2018-01-18 22:00:00,Indiana Pacers,Portland Trail Blazers,Moda Center
2018-01-19 19:00:00,San Antonio Spurs,Toronto Raptors,Air Canada Centre
2018-01-19 19:30:00,Miami Heat,Brooklyn Nets,Barclays Center
2018-01-19 20:00:00,Washington Wizards,Detroit Pistons,Little Caesars Arena
2018-01-19 20:00:00,Sacramento Kings,Memphis Grizzlies,FedExForum
2018-01-19 21:00:00,Phoenix Suns,Denver Nuggets,Pepsi Center
2018-01-19 22:30:00,Indiana Pacers,Los Angeles Lakers,Staples Center
2018-01-19 22:30:00,New York Knicks,Utah Jazz,Vivint Smart Home Arena
2018-01-20 15:30:00,Oklahoma City Thunder,Cleveland Cavaliers,Quicken Loans Arena
2018-01-20 17:00:00,Chicago Bulls,Atlanta Hawks,Philips Arena
2018-01-20 19:00:00,Memphis Grizzlies,New Orleans Pelicans,Smoothie King Center
2018-01-20 19:00:00,Miami Heat,Charlotte Hornets,Spectrum Center
2018-01-20 19:30:00,Milwaukee Bucks,Philadelphia 76ers,Wells Fargo Center
2018-01-20 20:30:00,Golden State Warriors,Houston Rockets,Toyota Center
2018-01-20 21:00:00,Toronto Raptors,Minnesota Timberwolves,Target Center
2018-01-20 21:00:00,Los Angeles Clippers,Utah Jazz,Vivint Smart Home Arena
2018-01-20 22:00:00,Dallas Mavericks,Portland Trail Blazers,Moda Center
2018-01-21 13:00:00,Orlando Magic,Boston Celtics,TD Garden
2018-01-21 15:30:00,New York Knicks,Los Angeles Lakers,Staples Center
2018-01-21 16:00:00,Brooklyn Nets,Detroit Pistons,Little Caesars Arena
2018-01-21 19:00:00,Indiana Pacers,San Antonio Spurs,AT&T Center
2018-01-22 19:00:00,Sacramento Kings,Charlotte Hornets,Spectrum Center
2018-01-22 19:30:00,Utah Jazz,Atlanta Hawks,Philips Arena
2018-01-22 20:00:00,Miami Heat,Houston Rockets,Toyota Center
2018-01-22 20:00:00,Phoenix Suns,Milwaukee Bucks,BMO Harris Bradley Center
2018-01-22 20:00:00,Chicago Bulls,New Orleans Pelicans,Smoothie King Center
2018-01-22 20:00:00,Philadelphia 76ers,Memphis Grizzlies,FedExForum
2018-01-22 20:30:00,Washington Wizards,Dallas Mavericks,American Airlines Center
2018-01-22 21:00:00,Portland Trail Blazers,Denver Nuggets,Pepsi Center
2018-01-22 22:30:00,Minnesota Timberwolves,Los Angeles Clippers,Staples Center
2018-01-23 19:00:00,Sacramento Kings,Orlando Magic,Amway Center
2018-01-23 20:00:00,Brooklyn Nets,Oklahoma City Thunder,Chesapeake Energy Arena
2018-01-23 20:00:00,Cleveland Cavaliers,San Antonio Spurs,AT&T Center
2018-01-23 22:30:00,New York Knicks,Golden State Warriors,Oracle Arena
2018-01-23 22:30:00,Boston Celtics,Los Angeles Lakers,Staples Center
2018-01-24 19:00:00,New Orleans Pelicans,Charlotte Hornets,Spectrum Center
2018-01-24 19:00:00,Utah Jazz,Detroit Pistons,Little Caesars Arena
2018-01-24 19:00:00,Phoenix Suns,Indiana Pacers,Bankers Life Fieldhouse
2018-01-24 19:00:00,Chicago Bulls,Philadelphia 76ers,Wells Fargo Center
2018-01-24 19:30:00,Toronto Raptors,Atlanta Hawks,Philips Arena
2018-01-24 20:00:00,Houston Rockets,Dallas Mavericks,American Airlines Center
2018-01-24 20:00:00,San Antonio Spurs,Memphis Grizzlies,FedExForum
2018-01-24 22:00:00,Minnesota Timberwolves,Portland Trail Blazers,Moda Center
2018-01-24 22:30:00,Boston Celtics,Los Angeles Clippers,Staples Center
2018-01-25 19:30:00,Sacramento Kings,Miami Heat,AmericanAirlines Arena
2018-01-25 20:00:00,Washington Wizards,Oklahoma City Thunder,Chesapeake Energy Arena
2018-01-25 21:00:00,New York Knicks,Denver Nuggets,Pepsi Center
2018-01-25 22:30:00,Minnesota Timberwolves,Golden State Warriors,Oracle Arena
2018-01-26 19:00:00,Atlanta Hawks,Charlotte Hornets,Spectrum Center
2018-01-26 19:30:00,Utah Jazz,Toronto Raptors,Air Canada Centre
2018-01-26 19:30:00,Indiana Pacers,Cleveland Cavaliers,Quicken Loans Arena
2018-01-26 20:00:00,Los Angeles Lakers,Chicago Bulls,United Center
2018-01-26 20:00:00,Los Angeles Clippers,Memphis Grizzlies,FedExForum
2018-01-26 20:00:00,Brooklyn Nets,Milwaukee Bucks,BMO Harris Bradley Center
2018-01-26 20:00:00,Houston Rockets,New Orleans Pelicans,Smoothie King Center
2018-01-26 20:30:00,Portland Trail Blazers,Dallas Mavericks,American Airlines Center
2018-01-26 20:30:00,Philadelphia 76ers,San Antonio Spurs,AT&T Center
2018-01-26 21:00:00,New York Knicks,Phoenix Suns,Talking Stick Resort Arena
2018-01-27 17:00:00,Oklahoma City Thunder,Detroit Pistons,Little Caesars Arena
2018-01-27 19:00:00,Orlando Magic,Indiana Pacers,Bankers Life Fieldhouse
2018-01-27 19:30:00,Washington Wizards,Atlanta Hawks,Philips Arena
2018-01-27 19:30:00,Charlotte Hornets,Miami Heat,AmericanAirlines Arena
2018-01-27 20:30:00,Boston Celtics,Golden State Warriors,Oracle Arena
2018-01-27 21:00:00,Brooklyn Nets,Minnesota Timberwolves,Target Center
2018-01-27 21:00:00,Dallas Mavericks,Denver Nuggets,Pepsi Center
2018-01-28 15:30:00,Milwaukee Bucks,Chicago Bulls,United Center
2018-01-28 15:30:00,Phoenix Suns,Houston Rockets,Toyota Center
2018-01-28 16:00:00,Los Angeles Clippers,New Orleans Pelicans,Smoothie King Center
2018-01-28 18:00:00,Detroit Pistons,Cleveland Cavaliers,Quicken Loans Arena
2018-01-28 18:00:00,Philadelphia 76ers,Oklahoma City Thunder,Chesapeake Energy Arena
2018-01-28 18:00:00,Los Angeles Lakers,Toronto Raptors,Air Canada Centre
2018-01-28 19:00:00,Sacramento Kings,San Antonio Spurs,AT&T Center
2018-01-29 19:00:00,Charlotte Hornets,Indiana Pacers,Bankers Life Fieldhouse
2018-01-29 19:30:00,Minnesota Timberwolves,Atlanta Hawks,Philips Arena
2018-01-29 20:00:00,Phoenix Suns,Memphis Grizzlies,FedExForum
2018-01-29 20:00:00,Philadelphia 76ers,Milwaukee Bucks,BMO Harris Bradley Center
2018-01-29 20:30:00,Miami Heat,Dallas Mavericks,American Airlines Center
2018-01-29 21:00:00,Boston Celtics,Denver Nuggets,Pepsi Center
2018-01-30 19:00:00,Oklahoma City Thunder,Washington Wizards,Capital One Arena
2018-01-30 19:30:00,Minnesota Timberwolves,Toronto Raptors,Air Canada Centre
2018-01-30 19:30:00,Brooklyn Nets,New York Knicks,Madison Square Garden
2018-01-30 20:00:00,Orlando Magic,Houston Rockets,Toyota Center
2018-01-30 20:00:00,Cleveland Cavaliers,Detroit Pistons,Little Caesars Arena
2018-01-30 20:00:00,Sacramento Kings,New Orleans Pelicans,Smoothie King Center
2018-01-30 20:30:00,Denver Nuggets,San Antonio Spurs,AT&T Center
2018-01-30 21:00:00,Golden State Warriors,Utah Jazz,Vivint Smart Home Arena
2018-01-30 22:30:00,Portland Trail Blazers,Los Angeles Clippers,Staples Center
2018-01-31 19:00:00,Memphis Grizzlies,Indiana Pacers,Bankers Life Fieldhouse
2018-01-31 19:00:00,Los Angeles Lakers,Orlando Magic,Amway Center
2018-01-31 19:30:00,Charlotte Hornets,Atlanta Hawks,Philips Arena
2018-01-31 19:30:00,Philadelphia 76ers,Brooklyn Nets,Barclays Center
2018-01-31 19:30:00,Miami Heat,Cleveland Cavaliers,Quicken Loans Arena
2018-01-31 20:00:00,New York Knicks,Boston Celtics,TD Garden
2018-01-31 22:00:00,Chicago Bulls,Portland Trail Blazers,Moda Center
2018-01-31 22:30:00,Dallas Mavericks,Phoenix Suns,Talking Stick Resort Arena
2018-02-01 19:00:00,Memphis Grizzlies,Detroit Pistons,Little Caesars Arena
2018-02-01 19:00:00,Toronto Raptors,Washington Wizards,Capital One Arena
2018-02-01 20:00:00,Milwaukee Bucks,Minnesota Timberwolves,Target Center
2018-02-01 20:00:00,Houston Rockets,San Antonio Spurs,AT&T Center
2018-02-01 22:30:00,Oklahoma City Thunder,Denver Nuggets,Pepsi Center
2018-02-02 19:00:00,Indiana Pacers,Charlotte Hornets,Spectrum Center
2018-02-02 19:30:00,Los Angeles Lakers,Brooklyn Nets,Barclays Center
2018-02-02 19:30:00,Atlanta Hawks,Boston Celtics,TD Garden
2018-02-02 19:30:00,Portland Trail Blazers,Toronto Raptors,Air Canada Centre
2018-02-02 20:00:00,New York Knicks,Milwaukee Bucks,BMO Harris Bradley Center
2018-02-02 20:00:00,Miami Heat,Philadelphia 76ers,Wells Fargo Center
2018-02-02 21:00:00,New Orleans Pelicans,Oklahoma City Thunder,Chesapeake Energy Arena
2018-02-02 21:00:00,Utah Jazz,Phoenix Suns,Talking Stick Resort Arena
2018-02-02 22:30:00,Golden State Warriors,Sacramento Kings,Golden 1 Center
2018-02-03 15:30:00,Chicago Bulls,Los Angeles Clippers,Staples Center
2018-02-03 19:00:00,Miami Heat,Detroit Pistons,Little Caesars Arena
2018-02-03 19:00:00,Philadelphia 76ers,Indiana Pacers,Bankers Life Fieldhouse
2018-02-03 19:00:00,Washington Wizards,Orlando Magic,Amway Center
2018-02-03 20:30:00,Houston Rockets,Cleveland Cavaliers,Quicken Loans Arena
2018-02-03 21:00:00,Utah Jazz,San Antonio Spurs,AT&T Center
2018-02-03 21:00:00,Golden State Warriors,Denver Nuggets,Pepsi Center
2018-02-03 21:00:00,New Orleans Pelicans,Minnesota Timberwolves,Target Center
2018-02-03 22:00:00,Dallas Mavericks,Sacramento Kings,Golden 1 Center
2018-02-04 12:00:00,Memphis Grizzlies,Toronto Raptors,Air Canada Centre
2018-02-04 12:00:00,Atlanta Hawks,New York Knicks,Madison Square Garden
2018-02-04 12:00:00,Portland Trail Blazers,Boston Celtics,TD Garden
2018-02-04 12:00:00,Milwaukee Bucks,Brooklyn Nets,Barclays Center
2018-02-04 14:00:00,Los Angeles Lakers,Oklahoma City Thunder,Chesapeake Energy Arena
2018-02-04 15:00:00,Charlotte Hornets,Phoenix Suns,Talking Stick Resort Arena
2018-02-05 19:00:00,Portland Trail Blazers,Detroit Pistons,Little Caesars Arena
2018-02-05 19:00:00,Washington Wizards,Indiana Pacers,Bankers Life Fieldhouse
2018-02-05 19:30:00,Orlando Magic,Miami Heat,AmericanAirlines Arena
2018-02-05 20:00:00,Utah Jazz,New Orleans Pelicans,Smoothie King Center
2018-02-05 21:00:00,Charlotte Hornets,Denver Nuggets,Pepsi Center
2018-02-05 22:00:00,Chicago Bulls,Sacramento Kings,Golden 1 Center
2018-02-05 22:30:00,Dallas Mavericks,Los Angeles Clippers,Staples Center
2018-02-06 19:00:00,Cleveland Cavaliers,Orlando Magic,Amway Center
2018-02-06 19:30:00,Memphis Grizzlies,Atlanta Hawks,Philips Arena
2018-02-06 19:30:00,Houston Rockets,Brooklyn Nets,Barclays Center
2018-02-06 19:30:00,Boston Celtics,Toronto Raptors,Air Canada Centre
2018-02-06 19:30:00,Milwaukee Bucks,New York Knicks,Madison Square Garden
2018-02-06 20:00:00,Washington Wizards,Philadelphia 76ers,Wells Fargo Center
2018-02-06 22:30:00,Phoenix Suns,Los Angeles Lakers,Staples Center
2018-02-06 22:30:00,Oklahoma City Thunder,Golden State Warriors,Oracle Arena
2018-02-07 19:00:00,Brooklyn Nets,Detroit Pistons,Little Caesars Arena
2018-02-07 19:30:00,Houston Rockets,Miami Heat,AmericanAirlines Arena
2018-02-07 20:00:00,Minnesota Timberwolves,Cleveland Cavaliers,Quicken Loans Arena
2018-02-07 20:00:00,Utah Jazz,Memphis Grizzlies,FedExForum
2018-02-07 22:30:00,San Antonio Spurs,Phoenix Suns,Talking Stick Resort Arena
2018-02-08 19:00:00,Atlanta Hawks,Orlando Magic,Amway Center
2018-02-08 19:30:00,New York Knicks,Toronto Raptors,Air Canada Centre
2018-02-08 20:00:00,Boston Celtics,Washington Wizards,Capital One Arena
2018-02-08 22:00:00,Charlotte Hornets,Portland Trail Blazers,Moda Center
2018-02-08 22:30:00,Oklahoma City Thunder,Los Angeles Lakers,Staples Center
2018-02-08 22:30:00,Dallas Mavericks,Golden State Warriors,Oracle Arena
2018-02-09 19:00:00,New Orleans Pelicans,Philadelphia 76ers,Wells Fargo Center
2018-02-09 19:00:00,Los Angeles Clippers,Detroit Pistons,Little Caesars Arena
2018-02-09 19:30:00,Cleveland Cavaliers,Atlanta Hawks,Philips Arena
2018-02-09 19:30:00,Indiana Pacers,Boston Celtics,TD Garden
2018-02-09 20:00:00,Milwaukee Bucks,Miami Heat,AmericanAirlines Arena
2018-02-09 20:00:00,Denver Nuggets,Houston Rockets,Toyota Center
2018-02-09 21:00:00,Charlotte Hornets,Utah Jazz,Vivint Smart Home Arena
2018-02-09 21:30:00,Minnesota Timberwolves,Chicago Bulls,United Center
2018-02-09 22:30:00,Portland Trail Blazers,Sacramento Kings,Golden 1 Center
2018-02-10 18:00:00,New Orleans Pelicans,Brooklyn Nets,Barclays Center
2018-02-10 19:00:00,Milwaukee Bucks,Orlando Magic,Amway Center
2018-02-10 19:00:00,Los Angeles Clippers,Philadelphia 76ers,Wells Fargo Center
2018-02-10 20:00:00,Washington Wizards,Chicago Bulls,United Center
2018-02-10 20:30:00,San Antonio Spurs,Golden State Warriors,Oracle Arena
2018-02-10 20:30:00,Los Angeles Lakers,Dallas Mavericks,American Airlines Center
2018-02-10 21:00:00,Denver Nuggets,Phoenix Suns,Talking Stick Resort Arena
2018-02-11 13:00:00,Toronto Raptors,Charlotte Hornets,Spectrum Center
2018-02-11 15:30:00,Detroit Pistons,Atlanta Hawks,Philips Arena
2018-02-11 15:30:00,Cleveland Cavaliers,Boston Celtics,TD Garden
2018-02-11 17:00:00,New York Knicks,Indiana Pacers,Bankers Life Fieldhouse
2018-02-11 19:00:00,Sacramento Kings,Minnesota Timberwolves,Target Center
2018-02-11 19:00:00,Dallas Mavericks,Houston Rockets,Toyota Center
2018-02-11 19:00:00,Memphis Grizzlies,Oklahoma City Thunder,Chesapeake Energy Arena
2018-02-11 21:00:00,Utah Jazz,Portland Trail Blazers,Moda Center
2018-02-12 19:00:00,New Orleans Pelicans,Detroit Pistons,Little Caesars Arena
2018-02-12 19:00:00,New York Knicks,Philadelphia 76ers,Wells Fargo Center
2018-02-12 19:30:00,Los Angeles Clippers,Brooklyn Nets,Barclays Center
2018-02-12 20:00:00,Orlando Magic,Chicago Bulls,United Center
2018-02-12 21:00:00,San Antonio Spurs,Utah Jazz,Vivint Smart Home Arena
2018-02-12 22:30:00,Phoenix Suns,Golden State Warriors,Oracle Arena
2018-02-13 19:00:00,Miami Heat,Toronto Raptors,Air Canada Centre
2018-02-13 20:00:00,Atlanta Hawks,Milwaukee Bucks,BMO Harris Bradley Center
2018-02-13 20:00:00,Houston Rockets,Minnesota Timberwolves,Target Center
2018-02-13 20:00:00,Cleveland Cavaliers,Oklahoma City Thunder,Chesapeake Energy Arena
2018-02-13 20:30:00,Sacramento Kings,Dallas Mavericks,American Airlines Center
2018-02-13 22:30:00,San Antonio Spurs,Denver Nuggets,Pepsi Center
2018-02-14 19:00:00,Miami Heat,Philadelphia 76ers,Wells Fargo Center
2018-02-14 19:00:00,Atlanta Hawks,Detroit Pistons,Little Caesars Arena
2018-02-14 19:00:00,Charlotte Hornets,Orlando Magic,Amway Center
2018-02-14 19:30:00,Indiana Pacers,Brooklyn Nets,Barclays Center
2018-02-14 19:30:00,Washington Wizards,New York Knicks,Madison Square Garden
2018-02-14 20:00:00,Sacramento Kings,Houston Rockets,Toyota Center
2018-02-14 20:00:00,Oklahoma City Thunder,Memphis Grizzlies,FedExForum
2018-02-14 20:00:00,Los Angeles Lakers,New Orleans Pelicans,Smoothie King Center
2018-02-14 20:00:00,Los Angeles Clippers,Boston Celtics,TD Garden
2018-02-14 20:00:00,Toronto Raptors,Chicago Bulls,United Center
2018-02-14 21:00:00,Phoenix Suns,Utah Jazz,Vivint Smart Home Arena
2018-02-14 22:30:00,Golden State Warriors,Portland Trail Blazers,Moda Center
2018-02-15 20:00:00,Denver Nuggets,Milwaukee Bucks,BMO Harris Bradley Center
2018-02-15 21:00:00,Los Angeles Lakers,Minnesota Timberwolves,Target Center
2018-02-22 19:00:00,New York Knicks,Orlando Magic,Amway Center
2018-02-22 19:00:00,Brooklyn Nets,Charlotte Hornets,Spectrum Center
2018-02-22 20:00:00,Philadelphia 76ers,Chicago Bulls,United Center
2018-02-22 20:00:00,Washington Wizards,Cleveland Cavaliers,Quicken Loans Arena
2018-02-22 22:00:00,Oklahoma City Thunder,Sacramento Kings,Golden 1 Center
2018-02-22 22:30:00,Los Angeles Clippers,Golden State Warriors,Oracle Arena
2018-02-23 19:00:00,Charlotte Hornets,Washington Wizards,Capital One Arena
2018-02-23 19:00:00,Boston Celtics,Detroit Pistons,Little Caesars Arena
2018-02-23 19:00:00,Atlanta Hawks,Indiana Pacers,Bankers Life Fieldhouse
2018-02-23 19:30:00,Milwaukee Bucks,Toronto Raptors,Air Canada Centre
2018-02-23 20:00:00,Cleveland Cavaliers,Memphis Grizzlies,FedExForum
2018-02-23 20:00:00,Minnesota Timberwolves,Houston Rockets,Toyota Center
2018-02-23 20:00:00,Miami Heat,New Orleans Pelicans,Smoothie King Center
2018-02-23 21:00:00,Portland Trail Blazers,Utah Jazz,Vivint Smart Home Arena
2018-02-23 21:00:00,San Antonio Spurs,Denver Nuggets,Pepsi Center
2018-02-23 21:00:00,Los Angeles Clippers,Phoenix Suns,Talking Stick Resort Arena
2018-02-23 22:30:00,Dallas Mavericks,Los Angeles Lakers,Staples Center
2018-02-24 17:00:00,Orlando Magic,Philadelphia 76ers,Wells Fargo Center
2018-02-24 19:30:00,Memphis Grizzlies,Miami Heat,AmericanAirlines Arena
2018-02-24 19:30:00,Boston Celtics,New York Knicks,Madison Square Garden
2018-02-24 20:30:00,Oklahoma City Thunder,Golden State Warriors,Oracle Arena
2018-02-24 21:00:00,Portland Trail Blazers,Phoenix Suns,Talking Stick Resort Arena
2018-02-24 21:00:00,Dallas Mavericks,Utah Jazz,Vivint Smart Home Arena
2018-02-24 21:00:00,Chicago Bulls,Minnesota Timberwolves,Target Center
2018-02-24 22:00:00,Los Angeles Lakers,Sacramento Kings,Golden 1 Center
2018-02-25 13:00:00,Detroit Pistons,Charlotte Hornets,Spectrum Center
2018-02-25 15:00:00,New Orleans Pelicans,Milwaukee Bucks,BMO Harris Bradley Center
2018-02-25 15:30:00,San Antonio Spurs,Cleveland Cavaliers,Quicken Loans Arena
2018-02-25 20:00:00,Houston Rockets,Denver Nuggets,Pepsi Center
2018-02-25 20:00:00,Philadelphia 76ers,Washington Wizards,Capital One Arena
2018-02-26 19:30:00,Detroit Pistons,Toronto Raptors,Air Canada Centre
2018-02-26 19:30:00,Los Angeles Lakers,Atlanta Hawks,Philips Arena
2018-02-26 19:30:00,Memphis Grizzlies,Boston Celtics,TD Garden
2018-02-26 19:30:00,Chicago Bulls,Brooklyn Nets,Barclays Center
2018-02-26 19:30:00,Golden State Warriors,New York Knicks,Madison Square Garden
2018-02-26 20:00:00,Orlando Magic,Oklahoma City Thunder,Chesapeake Energy Arena
2018-02-26 20:00:00,Phoenix Suns,New Orleans Pelicans,Smoothie King Center
2018-02-26 20:30:00,Indiana Pacers,Dallas Mavericks,American Airlines Center
2018-02-26 21:00:00,Houston Rockets,Utah Jazz,Vivint Smart Home Arena
2018-02-26 22:00:00,Minnesota Timberwolves,Sacramento Kings,Golden 1 Center
2018-02-27 19:00:00,Chicago Bulls,Charlotte Hornets,Spectrum Center
2018-02-27 19:00:00,Brooklyn Nets,Cleveland Cavaliers,Quicken Loans Arena
2018-02-27 19:30:00,Philadelphia 76ers,Miami Heat,AmericanAirlines Arena
2018-02-27 20:00:00,Washington Wizards,Milwaukee Bucks,BMO Harris Bradley Center
2018-02-27 22:00:00,Sacramento Kings,Portland Trail Blazers,Moda Center
2018-02-27 22:30:00,Los Angeles Clippers,Denver Nuggets,Pepsi Center
2018-02-28 19:00:00,Toronto Raptors,Orlando Magic,Amway Center
2018-02-28 19:00:00,Milwaukee Bucks,Detroit Pistons,Little Caesars Arena
2018-02-28 19:30:00,Indiana Pacers,Atlanta Hawks,Philips Arena
2018-02-28 19:30:00,Charlotte Hornets,Boston Celtics,TD Garden
2018-02-28 20:00:00,Phoenix Suns,Memphis Grizzlies,FedExForum
2018-02-28 20:00:00,Golden State Warriors,Washington Wizards,Capital One Arena
2018-02-28 20:30:00,New Orleans Pelicans,San Antonio Spurs,AT&T Center
2018-02-28 20:30:00,Oklahoma City Thunder,Dallas Mavericks,American Airlines Center
2018-02-28 22:30:00,Houston Rockets,Los Angeles Clippers,Staples Center
2018-03-01 19:30:00,Los Angeles Lakers,Miami Heat,AmericanAirlines Arena
2018-03-01 20:00:00,Philadelphia 76ers,Cleveland Cavaliers,Quicken Loans Arena
2018-03-01 22:00:00,Brooklyn Nets,Sacramento Kings,Golden 1 Center
2018-03-01 22:30:00,Minnesota Timberwolves,Portland Trail Blazers,Moda Center
2018-03-02 19:00:00,Detroit Pistons,Orlando Magic,Amway Center
2018-03-02 19:00:00,Charlotte Hornets,Philadelphia 76ers,Wells Fargo Center
2018-03-02 19:30:00,Golden State Warriors,Atlanta Hawks,Philips Arena
2018-03-02 20:00:00,Dallas Mavericks,Chicago Bulls,United Center
2018-03-02 20:00:00,Toronto Raptors,Washington Wizards,Capital One Arena
2018-03-02 20:00:00,Denver Nuggets,Memphis Grizzlies,FedExForum
2018-03-02 20:00:00,Indiana Pacers,Milwaukee Bucks,BMO Harris Bradley Center
2018-03-02 21:00:00,Oklahoma City Thunder,Phoenix Suns,Talking Stick Resort Arena
2018-03-02 22:30:00,Minnesota Timberwolves,Utah Jazz,Vivint Smart Home Arena
2018-03-02 22:30:00,New York Knicks,Los Angeles Clippers,Staples Center
2018-03-03 19:00:00,Memphis Grizzlies,Orlando Magic,Amway Center
2018-03-03 19:30:00,Denver Nuggets,Cleveland Cavaliers,Quicken Loans Arena
2018-03-03 19:30:00,Detroit Pistons,Miami Heat,AmericanAirlines Arena
2018-03-03 20:30:00,Boston Celtics,Houston Rockets,Toyota Center
2018-03-03 21:00:00,Los Angeles Lakers,San Antonio Spurs,AT&T Center
2018-03-03 22:00:00,Oklahoma City Thunder,Portland Trail Blazers,Moda Center
2018-03-03 22:00:00,Utah Jazz,Sacramento Kings,Golden 1 Center
2018-03-04 15:30:00,Phoenix Suns,Atlanta Hawks,Philips Arena
2018-03-04 18:00:00,Charlotte Hornets,Toronto Raptors,Air Canada Centre
2018-03-04 18:00:00,Indiana Pacers,Washington Wizards,Capital One Arena
2018-03-04 19:00:00,New Orleans Pelicans,Dallas Mavericks,American Airlines Center
2018-03-04 20:00:00,Philadelphia 76ers,Milwaukee Bucks,BMO Harris Bradley Center
2018-03-04 21:00:00,Brooklyn Nets,Los Angeles Clippers,Staples Center
2018-03-04 21:00:00,New York Knicks,Sacramento Kings,Golden 1 Center
2018-03-05 19:00:00,Detroit Pistons,Cleveland Cavaliers,Quicken Loans Arena
2018-03-05 19:00:00,Milwaukee Bucks,Indiana Pacers,Bankers Life Fieldhouse
2018-03-05 19:30:00,Phoenix Suns,Miami Heat,AmericanAirlines Arena
2018-03-05 20:00:00,Boston Celtics,Chicago Bulls,United Center
2018-03-05 20:30:00,Memphis Grizzlies,San Antonio Spurs,AT&T Center
2018-03-05 21:00:00,Orlando Magic,Utah Jazz,Vivint Smart Home Arena
2018-03-05 22:30:00,Portland Trail Blazers,Los Angeles Lakers,Staples Center
2018-03-06 19:00:00,Philadelphia 76ers,Charlotte Hornets,Spectrum Center
2018-03-06 19:00:00,Miami Heat,Washington Wizards,Capital One Arena
2018-03-06 19:00:00,Atlanta Hawks,Toronto Raptors,Air Canada Centre
2018-03-06 20:00:00,Houston Rockets,Oklahoma City Thunder,Chesapeake Energy Arena
2018-03-06 20:30:00,Denver Nuggets,Dallas Mavericks,American Airlines Center
2018-03-06 22:00:00,New York Knicks,Portland Trail Blazers,Moda Center
2018-03-06 22:30:00,Brooklyn Nets,Golden State Warriors,Oracle Arena
2018-03-06 22:30:00,New Orleans Pelicans,Los Angeles Clippers,Staples Center
2018-03-07 19:00:00,Utah Jazz,Indiana Pacers,Bankers Life Fieldhouse
2018-03-07 20:00:00,Memphis Grizzlies,Chicago Bulls,United Center
2018-03-07 20:00:00,Toronto Raptors,Detroit Pistons,Little Caesars Arena
2018-03-07 20:00:00,Houston Rockets,Milwaukee Bucks,BMO Harris Bradley Center
2018-03-07 22:00:00,New Orleans Pelicans,Sacramento Kings,Golden 1 Center
2018-03-07 22:30:00,Cleveland Cavaliers,Denver Nuggets,Pepsi Center
2018-03-07 22:30:00,Orlando Magic,Los Angeles Lakers,Staples Center
2018-03-08 19:00:00,Brooklyn Nets,Charlotte Hornets,Spectrum Center
2018-03-08 19:30:00,Philadelphia 76ers,Miami Heat,AmericanAirlines Arena
2018-03-08 20:00:00,Boston Celtics,Minnesota Timberwolves,Target Center
2018-03-08 20:00:00,Phoenix Suns,Oklahoma City Thunder,Chesapeake Energy Arena
2018-03-08 22:30:00,San Antonio Spurs,Golden State Warriors,Oracle Arena
2018-03-09 19:00:00,Chicago Bulls,Detroit Pistons,Little Caesars Arena
2018-03-09 19:00:00,Atlanta Hawks,Indiana Pacers,Bankers Life Fieldhouse
2018-03-09 19:30:00,Houston Rockets,Toronto Raptors,Air Canada Centre
2018-03-09 20:00:00,Utah Jazz,Memphis Grizzlies,FedExForum
2018-03-09 20:00:00,Washington Wizards,New Orleans Pelicans,Smoothie King Center
2018-03-09 20:00:00,New York Knicks,Milwaukee Bucks,BMO Harris Bradley Center
2018-03-09 21:00:00,Los Angeles Lakers,Denver Nuggets,Pepsi Center
2018-03-09 22:00:00,Golden State Warriors,Portland Trail Blazers,Moda Center
2018-03-09 22:00:00,Orlando Magic,Sacramento Kings,Golden 1 Center
2018-03-09 22:30:00,Cleveland Cavaliers,Los Angeles Clippers,Staples Center
2018-03-10 17:00:00,Phoenix Suns,Charlotte Hornets,Spectrum Center
2018-03-10 19:30:00,Washington Wizards,Miami Heat,AmericanAirlines Arena
2018-03-10 20:30:00,Memphis Grizzlies,Dallas Mavericks,American Airlines Center
2018-03-10 20:30:00,San Antonio Spurs,Oklahoma City Thunder,Chesapeake Energy Arena
2018-03-10 22:30:00,Orlando Magic,Los Angeles Clippers,Staples Center
2018-03-11 13:00:00,Toronto Raptors,New York Knicks,Madison Square Garden
2018-03-11 15:30:00,Chicago Bulls,Atlanta Hawks,Philips Arena
2018-03-11 15:30:00,Golden State Warriors,Minnesota Timberwolves,Target Center
2018-03-11 16:00:00,Utah Jazz,New Orleans Pelicans,Smoothie King Center
2018-03-11 17:00:00,Sacramento Kings,Denver Nuggets,Pepsi Center
2018-03-11 19:00:00,Houston Rockets,Dallas Mavericks,American Airlines Center
2018-03-11 19:30:00,Philadelphia 76ers,Brooklyn Nets,Barclays Center
2018-03-11 19:30:00,Indiana Pacers,Boston Celtics,TD Garden
2018-03-11 21:00:00,Cleveland Cavaliers,Los Angeles Lakers,Staples Center
2018-03-12 20:00:00,San Antonio Spurs,Houston Rockets,Toyota Center
2018-03-12 20:00:00,Milwaukee Bucks,Memphis Grizzlies,FedExForum
2018-03-12 20:00:00,Sacramento Kings,Oklahoma City Thunder,Chesapeake Energy Arena
2018-03-12 22:30:00,Miami Heat,Portland Trail Blazers,Moda Center
2018-03-13 19:00:00,Minnesota Timberwolves,Washington Wizards,Capital One Arena
2018-03-13 19:00:00,Indiana Pacers,Philadelphia 76ers,Wells Fargo Center
2018-03-13 19:30:00,Oklahoma City Thunder,Atlanta Hawks,Philips Arena
2018-03-13 19:30:00,Toronto Raptors,Brooklyn Nets,Barclays Center
2018-03-13 19:30:00,Dallas Mavericks,New York Knicks,Madison Square Garden
2018-03-13 20:00:00,Los Angeles Clippers,Chicago Bulls,United Center
2018-03-13 20:00:00,Charlotte Hornets,New Orleans Pelicans,Smoothie King Center
2018-03-13 20:30:00,Orlando Magic,San Antonio Spurs,AT&T Center
2018-03-13 21:00:00,Detroit Pistons,Utah Jazz,Vivint Smart Home Arena
2018-03-13 22:00:00,Cleveland Cavaliers,Phoenix Suns,Talking Stick Resort Arena
2018-03-13 22:30:00,Denver Nuggets,Los Angeles Lakers,Staples Center
2018-03-14 19:00:00,Milwaukee Bucks,Orlando Magic,Amway Center
2018-03-14 20:00:00,Washington Wizards,Boston Celtics,TD Garden
2018-03-14 22:00:00,Miami Heat,Sacramento Kings,Golden 1 Center
2018-03-14 22:30:00,Los Angeles Lakers,Golden State Warriors,Oracle Arena
2018-03-15 19:00:00,Toronto Raptors,Indiana Pacers,Bankers Life Fieldhouse
2018-03-15 19:30:00,Charlotte Hornets,Atlanta Hawks,Philips Arena
2018-03-15 19:30:00,Philadelphia 76ers,New York Knicks,Madison Square Garden
2018-03-15 20:00:00,Los Angeles Clippers,Houston Rockets,Toyota Center
2018-03-15 20:00:00,Chicago Bulls,Memphis Grizzlies,FedExForum
2018-03-15 20:30:00,New Orleans Pelicans,San Antonio Spurs,AT&T Center
2018-03-15 21:00:00,Detroit Pistons,Denver Nuggets,Pepsi Center
2018-03-15 21:00:00,Phoenix Suns,Utah Jazz,Vivint Smart Home Arena
2018-03-15 22:00:00,Cleveland Cavaliers,Portland Trail Blazers,Moda Center
2018-03-16 19:00:00,Brooklyn Nets,Philadelphia 76ers,Wells Fargo Center
2018-03-16 19:00:00,Boston Celtics,Orlando Magic,Amway Center
2018-03-16 19:30:00,Dallas Mavericks,Toronto Raptors,Air Canada Centre
2018-03-16 20:00:00,Los Angeles Clippers,Oklahoma City Thunder,Chesapeake Energy Arena
2018-03-16 22:30:00,Sacramento Kings,Golden State Warriors,Oracle Arena
2018-03-16 22:30:00,Miami Heat,Los Angeles Lakers,Staples Center
2018-03-17 18:00:00,Atlanta Hawks,Milwaukee Bucks,BMO Harris Bradley Center
2018-03-17 19:00:00,Houston Rockets,New Orleans Pelicans,Smoothie King Center
2018-03-17 19:00:00,Indiana Pacers,Washington Wizards,Capital One Arena
2018-03-17 19:30:00,Charlotte Hornets,New York Knicks,Madison Square Garden
2018-03-17 19:30:00,Dallas Mavericks,Brooklyn Nets,Barclays Center
2018-03-17 20:00:00,Cleveland Cavaliers,Chicago Bulls,United Center
2018-03-17 20:00:00,Denver Nuggets,Memphis Grizzlies,FedExForum
2018-03-17 20:30:00,Minnesota Timberwolves,San Antonio Spurs,AT&T Center
2018-03-17 21:00:00,Sacramento Kings,Utah Jazz,Vivint Smart Home Arena
2018-03-17 22:00:00,Golden State Warriors,Phoenix Suns,Talking Stick Resort Arena
2018-03-17 22:00:00,Detroit Pistons,Portland Trail Blazers,Moda Center
2018-03-18 13:00:00,Oklahoma City Thunder,Toronto Raptors,Air Canada Centre
2018-03-18 18:00:00,Boston Celtics,New Orleans Pelicans,Smoothie King Center
2018-03-18 19:00:00,Houston Rockets,Minnesota Timberwolves,Target Center
2018-03-18 22:30:00,Portland Trail Blazers,Los Angeles Clippers,Staples Center
2018-03-19 19:00:00,Milwaukee Bucks,Cleveland Cavaliers,Quicken Loans Arena
2018-03-19 19:00:00,Los Angeles Lakers,Indiana Pacers,Bankers Life Fieldhouse
2018-03-19 19:00:00,Charlotte Hornets,Philadelphia 76ers,Wells Fargo Center
2018-03-19 19:30:00,Memphis Grizzlies,Brooklyn Nets,Barclays Center
2018-03-19 19:30:00,Denver Nuggets,Miami Heat,AmericanAirlines Arena
2018-03-19 19:30:00,Chicago Bulls,New York Knicks,Madison Square Garden
2018-03-19 21:30:00,Golden State Warriors,San Antonio Spurs,AT&T Center
2018-03-19 22:00:00,Detroit Pistons,Sacramento Kings,Golden 1 Center
2018-03-20 19:00:00,Toronto Raptors,Orlando Magic,Amway Center
2018-03-20 20:00:00,Oklahoma City Thunder,Boston Celtics,TD Garden
2018-03-20 20:00:00,Los Angeles Clippers,Minnesota Timberwolves,Target Center
2018-03-20 20:00:00,Dallas Mavericks,New Orleans Pelicans,Smoothie King Center
2018-03-20 21:00:00,Atlanta Hawks,Utah Jazz,Vivint Smart Home Arena
2018-03-20 22:00:00,Detroit Pistons,Phoenix Suns,Talking Stick Resort Arena
2018-03-20 22:30:00,Houston Rockets,Portland Trail Blazers,Moda Center
2018-03-21 19:00:00,Toronto Raptors,Cleveland Cavaliers,Quicken Loans Arena
2018-03-21 19:00:00,Memphis Grizzlies,Philadelphia 76ers,Wells Fargo Center
2018-03-21 19:30:00,Charlotte Hornets,Brooklyn Nets,Barclays Center
2018-03-21 19:30:00,New York Knicks,Miami Heat,AmericanAirlines Arena
2018-03-21 20:00:00,Denver Nuggets,Chicago Bulls,United Center
2018-03-21 20:00:00,Los Angeles Clippers,Milwaukee Bucks,BMO Harris Bradley Center
2018-03-21 20:00:00,Indiana Pacers,New Orleans Pelicans,Smoothie King Center
2018-03-21 21:30:00,Washington Wizards,San Antonio Spurs,AT&T Center
2018-03-22 19:00:00,Memphis Grizzlies,Charlotte Hornets,Spectrum Center
2018-03-22 19:00:00,Philadelphia 76ers,Orlando Magic,Amway Center
2018-03-22 20:00:00,Los Angeles Lakers,New Orleans Pelicans,Smoothie King Center
2018-03-22 20:00:00,Detroit Pistons,Houston Rockets,Toyota Center
2018-03-22 20:30:00,Utah Jazz,Dallas Mavericks,American Airlines Center
2018-03-22 22:00:00,Atlanta Hawks,Sacramento Kings,Golden 1 Center
2018-03-23 19:00:00,Los Angeles Clippers,Indiana Pacers,Bankers Life Fieldhouse
2018-03-23 19:00:00,Denver Nuggets,Washington Wizards,Capital One Arena
2018-03-23 19:30:00,Phoenix Suns,Cleveland Cavaliers,Quicken Loans Arena
2018-03-23 19:30:00,Minnesota Timberwolves,New York Knicks,Madison Square Garden
2018-03-23 19:30:00,Brooklyn Nets,Toronto Raptors,Air Canada Centre
2018-03-23 20:00:00,Milwaukee Bucks,Chicago Bulls,United Center
2018-03-23 20:00:00,Miami Heat,Oklahoma City Thunder,Chesapeake Energy Arena
2018-03-23 20:30:00,Utah Jazz,San Antonio Spurs,AT&T Center
2018-03-23 22:00:00,Boston Celtics,Portland Trail Blazers,Moda Center
2018-03-23 22:30:00,Atlanta Hawks,Golden State Warriors,Oracle Arena
2018-03-24 18:00:00,Minnesota Timberwolves,Philadelphia 76ers,Wells Fargo Center
2018-03-24 19:00:00,Chicago Bulls,Detroit Pistons,Little Caesars Arena
2018-03-24 19:00:00,Phoenix Suns,Orlando Magic,Amway Center
2018-03-24 20:00:00,Los Angeles Lakers,Memphis Grizzlies,FedExForum
2018-03-24 20:00:00,New Orleans Pelicans,Houston Rockets,Toyota Center
2018-03-24 20:30:00,Charlotte Hornets,Dallas Mavericks,American Airlines Center
2018-03-25 13:00:00,Cleveland Cavaliers,Brooklyn Nets,Barclays Center
2018-03-25 15:30:00,San Antonio Spurs,Milwaukee Bucks,BMO Harris Bradley Center
2018-03-25 17:00:00,Miami Heat,Indiana Pacers,Bankers Life Fieldhouse
2018-03-25 18:00:00,New York Knicks,Washington Wizards,Capital One Arena
2018-03-25 18:00:00,Los Angeles Clippers,Toronto Raptors,Air Canada Centre
2018-03-25 18:00:00,Boston Celtics,Sacramento Kings,Golden 1 Center
2018-03-25 19:00:00,Portland Trail Blazers,Oklahoma City Thunder,Chesapeake Energy Arena
2018-03-25 20:00:00,Atlanta Hawks,Houston Rockets,Toyota Center
2018-03-25 20:30:00,Utah Jazz,Golden State Warriors,Oracle Arena
2018-03-26 19:00:00,New York Knicks,Charlotte Hornets,Spectrum Center
2018-03-26 19:00:00,Los Angeles Lakers,Detroit Pistons,Little Caesars Arena
2018-03-26 19:00:00,Denver Nuggets,Philadelphia 76ers,Wells Fargo Center
2018-03-26 20:00:00,Memphis Grizzlies,Minnesota Timberwolves,Target Center
2018-03-26 22:00:00,Boston Celtics,Phoenix Suns,Talking Stick Resort Arena
2018-03-27 19:00:00,San Antonio Spurs,Washington Wizards,Capital One Arena
2018-03-27 19:30:00,Denver Nuggets,Toronto Raptors,Air Canada Centre
2018-03-27 20:00:00,Cleveland Cavaliers,Miami Heat,AmericanAirlines Arena
2018-03-27 20:00:00,Portland Trail Blazers,New Orleans Pelicans,Smoothie King Center
2018-03-27 20:00:00,Chicago Bulls,Houston Rockets,Toyota Center
2018-03-27 22:00:00,Dallas Mavericks,Sacramento Kings,Golden 1 Center
2018-03-27 22:30:00,Indiana Pacers,Golden State Warriors,Oracle Arena
2018-03-27 22:30:00,Milwaukee Bucks,Los Angeles Clippers,Staples Center
2018-03-28 19:00:00,Cleveland Cavaliers,Charlotte Hornets,Spectrum Center
2018-03-28 19:00:00,Brooklyn Nets,Orlando Magic,Amway Center
2018-03-28 19:00:00,New York Knicks,Philadelphia 76ers,Wells Fargo Center
2018-03-28 20:00:00,Portland Trail Blazers,Memphis Grizzlies,FedExForum
2018-03-28 20:00:00,Atlanta Hawks,Minnesota Timberwolves,Target Center
2018-03-28 21:30:00,Boston Celtics,Utah Jazz,Vivint Smart Home Arena
2018-03-28 22:00:00,Los Angeles Clippers,Phoenix Suns,Talking Stick Resort Arena
2018-03-28 22:30:00,Dallas Mavericks,Los Angeles Lakers,Staples Center
2018-03-29 19:00:00,Washington Wizards,Detroit Pistons,Little Caesars Arena
2018-03-29 19:30:00,Chicago Bulls,Miami Heat,AmericanAirlines Arena
2018-03-29 20:00:00,Oklahoma City Thunder,San Antonio Spurs,AT&T Center
2018-03-29 22:00:00,Indiana Pacers,Sacramento Kings,Golden 1 Center
2018-03-29 22:30:00,Milwaukee Bucks,Golden State Warriors,Oracle Arena
2018-03-30 19:00:00,Chicago Bulls,Orlando Magic,Amway Center
2018-03-30 19:30:00,Philadelphia 76ers,Atlanta Hawks,Philips Arena
2018-03-30 20:00:00,Denver Nuggets,Oklahoma City Thunder,Chesapeake Energy Arena
2018-03-30 20:00:00,New Orleans Pelicans,Cleveland Cavaliers,Quicken Loans Arena
2018-03-30 20:00:00,Phoenix Suns,Houston Rockets,Toyota Center
2018-03-30 20:30:00,Minnesota Timberwolves,Dallas Mavericks,American Airlines Center
2018-03-30 21:00:00,Memphis Grizzlies,Utah Jazz,Vivint Smart Home Arena
2018-03-30 22:30:00,Milwaukee Bucks,Los Angeles Lakers,Staples Center
2018-03-30 22:30:00,Los Angeles Clippers,Portland Trail Blazers,Moda Center
2018-03-31 15:00:00,Charlotte Hornets,Washington Wizards,Capital One Arena
2018-03-31 17:00:00,Detroit Pistons,New York Knicks,Madison Square Garden
2018-03-31 19:30:00,Toronto Raptors,Boston Celtics,TD Garden
2018-03-31 20:00:00,Brooklyn Nets,Miami Heat,AmericanAirlines Arena
2018-03-31 22:00:00,Golden State Warriors,Sacramento Kings,Golden 1 Center
2018-04-01 13:00:00,Philadelphia 76ers,Charlotte Hornets,Spectrum Center
2018-04-01 15:30:00,Indiana Pacers,Los Angeles Clippers,Staples Center
2018-04-01 15:30:00,Washington Wizards,Chicago Bulls,United Center
2018-04-01 15:30:00,Houston Rockets,San Antonio Spurs,AT&T Center
2018-04-01 18:00:00,Orlando Magic,Atlanta Hawks,Philips Arena
2018-04-01 18:00:00,Detroit Pistons,Brooklyn Nets,Barclays Center
2018-04-01 18:00:00,Dallas Mavericks,Cleveland Cavaliers,Quicken Loans Arena
2018-04-01 18:00:00,Oklahoma City Thunder,New Orleans Pelicans,Smoothie King Center
2018-04-01 19:00:00,Utah Jazz,Minnesota Timberwolves,Target Center
2018-04-01 20:00:00,Milwaukee Bucks,Denver Nuggets,Pepsi Center
2018-04-01 20:30:00,Phoenix Suns,Golden State Warriors,Oracle Arena
2018-04-01 21:00:00,Memphis Grizzlies,Portland Trail Blazers,Moda Center
2018-04-01 21:30:00,Sacramento Kings,Los Angeles Lakers,Staples Center
2018-04-03 19:00:00,Toronto Raptors,Cleveland Cavaliers,Quicken Loans Arena
2018-04-03 19:00:00,Brooklyn Nets,Philadelphia 76ers,Wells Fargo Center
2018-04-03 19:30:00,Orlando Magic,New York Knicks,Madison Square Garden
2018-04-03 19:30:00,Atlanta Hawks,Miami Heat,AmericanAirlines Arena
2018-04-03 20:00:00,Golden State Warriors,Oklahoma City Thunder,Chesapeake Energy Arena
2018-04-03 20:00:00,Boston Celtics,Milwaukee Bucks,BMO Harris Bradley Center
2018-04-03 20:00:00,Charlotte Hornets,Chicago Bulls,United Center
2018-04-03 20:00:00,Washington Wizards,Houston Rockets,Toyota Center
2018-04-03 20:30:00,Portland Trail Blazers,Dallas Mavericks,American Airlines Center
2018-04-03 21:00:00,Indiana Pacers,Denver Nuggets,Pepsi Center
2018-04-03 21:00:00,Los Angeles Lakers,Utah Jazz,Vivint Smart Home Arena
2018-04-03 22:00:00,Sacramento Kings,Phoenix Suns,Talking Stick Resort Arena
2018-04-03 22:30:00,San Antonio Spurs,Los Angeles Clippers,Staples Center
2018-04-04 19:00:00,Boston Celtics,Toronto Raptors,Air Canada Centre
2018-04-04 19:00:00,Philadelphia 76ers,Detroit Pistons,Little Caesars Arena
2018-04-04 19:00:00,Dallas Mavericks,Orlando Magic,Amway Center
2018-04-04 19:30:00,Miami Heat,Atlanta Hawks,Philips Arena
2018-04-04 21:30:00,Memphis Grizzlies,New Orleans Pelicans,Smoothie King Center
2018-04-04 22:30:00,San Antonio Spurs,Los Angeles Lakers,Staples Center
2018-04-05 19:00:00,Golden State Warriors,Indiana Pacers,Bankers Life Fieldhouse
2018-04-05 20:00:00,Washington Wizards,Cleveland Cavaliers,Quicken Loans Arena
2018-04-05 20:00:00,Portland Trail Blazers,Houston Rockets,Toyota Center
2018-04-05 20:00:00,Brooklyn Nets,Milwaukee Bucks,BMO Harris Bradley Center
2018-04-05 21:00:00,Los Angeles Clippers,Utah Jazz,Vivint Smart Home Arena
2018-04-05 22:30:00,Minnesota Timberwolves,Denver Nuggets,Pepsi Center
2018-04-06 19:00:00,Dallas Mavericks,Detroit Pistons,Little Caesars Arena
2018-04-06 19:00:00,Atlanta Hawks,Washington Wizards,Capital One Arena
2018-04-06 19:00:00,Charlotte Hornets,Orlando Magic,Amway Center
2018-04-06 19:00:00,Cleveland Cavaliers,Philadelphia 76ers,Wells Fargo Center
2018-04-06 19:30:00,Chicago Bulls,Boston Celtics,TD Garden
2018-04-06 19:30:00,Miami Heat,New York Knicks,Madison Square Garden
2018-04-06 19:30:00,Indiana Pacers,Toronto Raptors,Air Canada Centre
2018-04-06 20:00:00,Sacramento Kings,Memphis Grizzlies,FedExForum
2018-04-06 22:00:00,New Orleans Pelicans,Phoenix Suns,Talking Stick Resort Arena
2018-04-06 22:30:00,Minnesota Timberwolves,Los Angeles Lakers,Staples Center
2018-04-07 15:30:00,Denver Nuggets,Los Angeles Clippers,Staples Center
2018-04-07 19:30:00,Milwaukee Bucks,New York Knicks,Madison Square Garden
2018-04-07 20:00:00,Brooklyn Nets,Chicago Bulls,United Center
2018-04-07 20:30:00,New Orleans Pelicans,Golden State Warriors,Oracle Arena
2018-04-07 20:30:00,Oklahoma City Thunder,Houston Rockets,Toyota Center
2018-04-07 21:00:00,Portland Trail Blazers,San Antonio Spurs,AT&T Center
2018-04-08 13:00:00,Dallas Mavericks,Philadelphia 76ers,Wells Fargo Center
2018-04-08 13:00:00,Indiana Pacers,Charlotte Hornets,Spectrum Center
2018-04-08 15:30:00,Detroit Pistons,Memphis Grizzlies,FedExForum
2018-04-08 18:00:00,Orlando Magic,Toronto Raptors,Air Canada Centre
2018-04-08 18:00:00,Utah Jazz,Los Angeles Lakers,Staples Center
2018-04-08 19:30:00,Atlanta Hawks,Boston Celtics,TD Garden
2018-04-08 21:00:00,Golden State Warriors,Phoenix Suns,Talking Stick Resort Arena
2018-04-09 19:00:00,Toronto Raptors,Detroit Pistons,Little Caesars Arena
2018-04-09 19:30:00,Chicago Bulls,Brooklyn Nets,Barclays Center
2018-04-09 19:30:00,Cleveland Cavaliers,New York Knicks,Madison Square Garden
2018-04-09 19:30:00,Oklahoma City Thunder,Miami Heat,AmericanAirlines Arena
2018-04-09 20:00:00,Orlando Magic,Milwaukee Bucks,BMO Harris Bradley Center
2018-04-09 20:00:00,Memphis Grizzlies,Minnesota Timberwolves,Target Center
2018-04-09 20:30:00,Sacramento Kings,San Antonio Spurs,AT&T Center
2018-04-09 21:00:00,Portland Trail Blazers,Denver Nuggets,Pepsi Center
2018-04-09 22:30:00,New Orleans Pelicans,Los Angeles Clippers,Staples Center
2018-04-10 19:00:00,Charlotte Hornets,Indiana Pacers,Bankers Life Fieldhouse
2018-04-10 19:30:00,Philadelphia 76ers,Atlanta Hawks,Philips Arena
2018-04-10 20:00:00,Boston Celtics,Washington Wizards,Capital One Arena
2018-04-10 20:30:00,Phoenix Suns,Dallas Mavericks,American Airlines Center
2018-04-10 21:00:00,Golden State Warriors,Utah Jazz,Vivint Smart Home Arena
2018-04-10 22:30:00,Houston Rockets,Los Angeles Lakers,Staples Center
2018-04-11 20:00:00,Denver Nuggets,Minnesota Timberwolves,Target Center
2018-04-11 20:00:00,San Antonio Spurs,New Orleans Pelicans,Smoothie King Center
2018-04-11 20:00:00,Toronto Raptors,Miami Heat,AmericanAirlines Arena
2018-04-11 20:00:00,Memphis Grizzlies,Oklahoma City Thunder,Chesapeake Energy Arena
2018-04-11 20:00:00,New York Knicks,Cleveland Cavaliers,Quicken Loans Arena
2018-04-11 20:00:00,Detroit Pistons,Chicago Bulls,United Center
2018-04-11 20:00:00,Brooklyn Nets,Boston Celtics,TD Garden
2018-04-11 20:00:00,Milwaukee Bucks,Philadelphia 76ers,Wells Fargo Center
2018-04-11 20:00:00,Washington Wizards,Orlando Magic,Amway Center
2018-04-11 22:30:00,Utah Jazz,Portland Trail Blazers,Moda Center
2018-04-11 22:30:00,Los Angeles Lakers,Los Angeles Clippers,Staples Center
2018-04-11 22:30:00,Houston Rockets,Sacramento Kings,Golden 1 Center
